RowType,ComponentID,Category,Value,Package,Tolerance,Voltage,Current,Power,Type,Resistance,Capacitance,Inductance,IPN,Description,Keywords,Manufacturer,MPN,LCSC,Priority,Status,ComponentName,SMD,Name,Form,Pins,Pitch,V,A,W,Angle,Wavelength,mcd,Mouser,Mouser Link,LCSC Link,Symbol,Footprint,Datasheet
COMPONENT,1|CAT=RES|PKG=0603|VAL=330R|W=100MW,RES,330R,0603,~,,,~,,330R,,,,,,,,,,,,,,,,,,,,,,,,,,,,
COMPONENT,1|CAT=RES|PKG=0603|VAL=10K|W=100MW,RES,10K,0603,~,,,~,,10K,,,,,,,,,,,,,,,,,,,,,,,,,,,,
COMPONENT,1|CAT=IC|PKG=SMDIP-6_W7.62MM|VAL=4N28SM,IC,4N28SM,SMDIP-6_W7.62mm,,,,,,,,,,,,,,,,,,,,,,,,,,,,,,,,,,
COMPONENT,1|CAT=UNK|PKG=WS2812B|V=5V|VAL=WS2812B,Unknown,WS2812B,WS2812B,,5V,,,,,,,,,,,,,,,,,,,,,,,,,,,,,,,,
COMPONENT,1|CAT=CAP|PKG=0603|V=50V|VAL=1.0UF,CAP,1.0uF,0603,~,50V,,,,,1.0uF,,,,,,,,,,,,,,,,,,,,,,,,,,,
COMPONENT,1|CAT=RES|PKG=RELAY_CPC1709J|VAL=CPC1709J,RES,CPC1709J,Relay_CPC1709J,,,6A,,,,,,,,,,,,,,,,,,,,,,,,,,,,,,,
COMPONENT,1|CAT=UNK|PKG=SOT-23|VAL=BAT54A,Unknown,BAT54A,sot-23,,,,,,,,,,,,,,,,,,,,,,,,,,,,,,,,,,
COMPONENT,1|CAT=CAP|PKG=CP_ELEC_10X10|V=16V|VAL=1000UF,CAP,1000uF,CP_Elec_10x10,~,16V,,,,,1000uF,,,,,,,,,,,,,,,,,,,,,,,,,,,
COMPONENT,1|CAT=RES|PKG=0603|VAL=22K|W=100MW,RES,22K,0603,~,,,~,,22K,,,,,,,,,,,,,,,,,,,,,,,,,,,,
COMPONENT,1|CAT=UNK|PKG=WS2812B|VAL=WS2812B,Unknown,WS2812B,WS2812B,,,,,,,,,,,,,,,,,,,,,,,,,,,,,,,,,,
COMPONENT,1|CAT=RES|PKG=0603|TOL=5%|VAL=10K|W=100MW,RES,10k,0603,5%,,,100mW,,,,,,,,,,,,,,,,,,,,,,,,,,,,,,
COMPONENT,1|CAT=CAP|PKG=CP_ELEC_10X10|VAL=1000UF,CAP,1000uF,CP_Elec_10x10,,,,,,,,,,,,,,,,,,,,,,,,,,,,,,,,,,
COMPONENT,1|CAT=RES|PKG=0603|TOL=5%|VAL=330R|W=100MW,RES,330R,0603,5%,,,100mW,,,,,,,,,,,,,,,,,,,,,,,,,,,,,,
COMPONENT,1|CAT=LED|PKG=0603|VAL=B,LED,B,0603,,,,,,,,,,,,,,,,,,,,,,,,,,,,,,,,,,
COMPONENT,1|CAT=RES|PKG=0603|VAL=1K,RES,1k,0603,,,,,,,,,,,,,,,,,,,,,,,,,,,,,,,,,,
COMPONENT,1|CAT=LED|PKG=0603|VAL=R,LED,R,0603,,,,,,,,,,,,,,,,,,,,,,,,,,,,,,,,,,
COMPONENT,1|CAT=UNK|PKG=SOT|VAL=BSS138,Unknown,BSS138,sot,,,,,,,,,,,,,,,,,,,,,,,,,,,,,,,,,,
COMPONENT,1|CAT=RES|PKG=0603|VAL=10K,RES,10k,0603,,,,,,,,,,,,,,,,,,,,,,,,,,,,,,,,,,
COMPONENT,1|CAT=CON|PKG=RJ25-INVERTED|VAL=RJ12/6,CON,RJ12/6,RJ25-INVERTED,,,,,,,,,,,,,,,,,,,,,,,,,,,,,,,,,,
COMPONENT,1|CAT=CAP|PKG=0810-CAP|VAL=220UF,CAP,220uF,0810-CAP,,,,,,,,,,,,,,,,,,,,,,,,,,,,,,,,,,
COMPONENT,1|CAT=UNK|PKG=FIDUCIAL_1MM|VAL=FIDUCIAL,Unknown,FIDUCIAL,FIDUCIAL_1MM,,,,,,,,,,,,,,,,,,,,,,,,,,,,,,,,,,
COMPONENT,1|CAT=UNK|PKG=ESP32-DEV|VAL=WROOM32,Unknown,WROOM32,ESP32-DEV,,,,,,,,,,,,,,,,,,,,,,,,,,,,,,,,,,
COMPONENT,1|CAT=CON|PKG=4P-2.0|VAL=2MM,CON,2mm,4P-2.0,,,,,,,,,,,,,,,,,,,,,,,,,,,,,,,,,,
COMPONENT,1|CAT=RES|PKG=0603|VAL=2K2,RES,2k2,0603,,,,,,,,,,,,,,,,,,,,,,,,,,,,,,,,,,
COMPONENT,1|CAT=CON|PKG=1X05_LOCK|VAL=0.100,CON,0.100,1X05_LOCK,,,,,,,,,,,,,,,,,,,,,,,,,,,,,,,,,,
COMPONENT,1|CAT=CON|PKG=I2C-L|VAL=I2C,CON,I2C,I2C-L,,,,,,,,,,,,,,,,,,,,,,,,,,,,,,,,,,
COMPONENT,1|CAT=CON|PKG=1X06_LOCK|VAL=0.100,CON,0.100,1X06_LOCK,,,,,,,,,,,,,,,,,,,,,,,,,,,,,,,,,,
COMPONENT,1|CAT=CAP|PKG=0603|VAL=1.0UF,CAP,1.0uF,0603,,,,,,,,,,,,,,,,,,,,,,,,,,,,,,,,,,
COMPONENT,1|CAT=UNK|PKG=OSHW-LOGO-L|VAL=OSHW,Unknown,OSHW,OSHW-LOGO-L,,,,,,,,,,,,,,,,,,,,,,,,,,,,,,,,,,
COMPONENT,1|CAT=UNK|PKG=BOARD-DINRAIL-3.17IN-IOB|VAL=BOARD,Unknown,BOARD,BOARD-DINRAIL-3.17IN-IOB,,,,,,,,,,,,,,,,,,,,,,,,,,,,,,,,,,
COMPONENT,1|CAT=CON|PKG=1X04_LOCK|VAL=0.100,CON,0.100,1X04_LOCK,,,,,,,,,,,,,,,,,,,,,,,,,,,,,,,,,,
COMPONENT,1|CAT=CAP|PKG=0603|VAL=10UF,CAP,10uF,0603,,,,,,,,,,,,,,,,,,,,,,,,,,,,,,,,,,
COMPONENT,1|CAT=UNK|PKG=TO-252|VAL=CJ7805,Unknown,CJ7805,TO-252,,,,,,,,,,,,,,,,,,,,,,,,,,,,,,,,,,
COMPONENT,1|CAT=LED|PKG=0603|VAL=G,LED,G,0603,,,,,,,,,,,,,,,,,,,,,,,,,,,,,,,,,,
COMPONENT,1|CAT=DIO|PKG=PWR_LABEL|VAL=7.5-12VDC,DIO,7.5-12vDC,PWR_LABEL,,,,,,,,,,,,,,,,,,,,,,,,,,,,,,,,,,
COMPONENT,1|CAT=CON|PKG=1X03|VAL=0.100,CON,0.100,1X03,,,,,,,,,,,,,,,,,,,,,,,,,,,,,,,,,,
COMPONENT,1|CAT=CON|PKG=DCJ0202|VAL=2.1MM,CON,2.1mm,DCJ0202,,,,,,,,,,,,,,,,,,,,,,,,,,,,,,,,,,
COMPONENT,1|CAT=CAP|PKG=1206|V=50V|VAL=10UF,CAP,10uF,1206,,50V,,,,,,,,,,,,,,,,,,,,,,,,,,,,,,,,
COMPONENT,1|CAT=CAP|PKG=0603|V=50V|VAL=0.1UF,CAP,0.1uF,0603,,50V,,,,,,,,,,,,,,,,,,,,,,,,,,,,,,,,
COMPONENT,1|CAT=RES|PKG=0603|TOL=5%|VAL=10KΩ|W=100MW,RES,10kΩ,0603,5%,,,100mW,,,,,,,,,,,,,,,,,,,,,,,,,,,,,,
COMPONENT,1|CAT=UNK|PKG=SOT|VAL=NPN-SOT23,Unknown,NPN-SOT23,sot,,,,,,,,,,,,,,,,,,,,,,,,,,,,,,,,,,
COMPONENT,1|CAT=RES|PKG=0603|TOL=5%|VAL=2.2KΩ|W=100MW,RES,2.2kΩ,0603,5%,,,100mW,,,,,,,,,,,,,,,,,,,,,,,,,,,,,,
COMPONENT,1|CAT=RES|PKG=0603|TOL=5%|VAL=1KΩ|W=100MW,RES,1kΩ,0603,5%,,,100mW,,,,,,,,,,,,,,,,,,,,,,,,,,,,,,
COMPONENT,1|CAT=UNK|PKG=MOUNTINGHOLE|VAL=MOUNTINGHOLE,Unknown,MOUNTINGHOLE,MOUNTINGHOLE,,,,,,,,,,,,,,,,,,,,,,,,,,,,,,,,,,
COMPONENT,1|CAT=IC|PKG=SOIC|VAL=DMN4468,IC,DMN4468,soic,,,,,,,,,,,,,,,,,,,,,,,,,,,,,,,,,,
COMPONENT,"1|CAT=CON|PKG=PHOENIXCONTACT_MSTBA_2,5_2-G-5,08_1X02_P5.08MM_HORIZONTAL|VAL=CONNECTOR-M02MSTBA2",CON,CONNECTOR-M02MSTBA2,"PhoenixContact_MSTBA_2,5_2-G-5,08_1x02_P5.08mm_Horizontal",,,,,,,,,,,,,,,,,,,,,,,,,,,,,,,,,,
COMPONENT,1|CAT=CON|PKG=4P-2.0|VAL=GROVE-4P-2.0,CON,GROVE-4P-2.0,4P-2.0,,,,,,,,,,,,,,,,,,,,,,,,,,,,,,,,,,
COMPONENT,1|CAT=CON|PKG=PINHEADER_1X03_P2.54MM_VERTICAL|VAL=JUMPER-3PTH-LOCK,CON,JUMPER-3PTH-LOCK,PinHeader_1x03_P2.54mm_Vertical,,,,,,,,,,,,,,,,,,,,,,,,,,,,,,,,,,
COMPONENT,1|CAT=CAP|PKG=0603|VAL=0.1UF,CAP,0.1uF,0603,,,,,,,,,,,,,,,,,,,,,,,,,,,,,,,,,,
COMPONENT,1|CAT=UNK|PKG=OSHW-LOGO-L|VAL=OSHW-LOGOL,Unknown,OSHW-LOGOL,OSHW-LOGO-L,,,,,,,,,,,,,,,,,,,,,,,,,,,,,,,,,,
COMPONENT,1|CAT=IC|PKG=TSSOP|VAL=PCA9685PW,IC,PCA9685PW,tssop,,,,,,,,,,,,,,,,,,,,,,,,,,,,,,,,,,
COMPONENT,"1|CAT=CON|PKG=PHOENIXCONTACT_MSTBA_2,5_4-G-5,08_1X04_P5.08MM_HORIZONTAL|VAL=CONNECTOR-M045.08",CON,CONNECTOR-M045.08,"PhoenixContact_MSTBA_2,5_4-G-5,08_1x04_P5.08mm_Horizontal",,,,,,,,,,,,,,,,,,,,,,,,,,,,,,,,,,
COMPONENT,1|CAT=UNK|PKG=BOARD-10X8-TEMPLATE|VAL=BOARD80X100-TEMPLATE,Unknown,BOARD80X100-TEMPLATE,BOARD-10X8-TEMPLATE,,,,,,,,,,,,,,,,,,,,,,,,,,,,,,,,,,
COMPONENT,1|CAT=CAP|PKG=CP_ELEC_8X10|VAL=150UF,CAP,150uF,CP_Elec_8x10,,,,,,,,,,,,,,,,,,,,,,,,,,,,,,,,,,
COMPONENT,1|CAT=UNK|PKG=SOT|VAL=7805,Unknown,7805,sot,,,,,,,,,,,,,,,,,,,,,,,,,,,,,,,,,,
COMPONENT,1|CAT=UNK|PKG=WEMOS-D1|VAL=WEMOSD1,Unknown,WemosD1,WEMOS-D1,,,,,,,,,,,,,,,,,,,,,,,,,,,,,,,,,,
COMPONENT,1|CAT=CAP|PKG=0805|VAL=10UF,CAP,10uF,0805,,,,,,,,,,,,,,,,,,,,,,,,,,,,,,,,,,
COMPONENT,1|CAT=CAP|PKG=E2-4|VAL=ELECTRET MIC,CAP,Electret Mic,E2-4,,,,,,,,,,,,,,,,,,,,,,,,,,,,,,,,,,
COMPONENT,1|CAT=LED|PKG=0603|VAL=Y,LED,Y,0603,,,,,,,,,,,,,,,,,,,,,,,,,,,,,,,,,,
COMPONENT,1|CAT=CAP|PKG=CONNECTOR_01X04_V|VAL=0.100,CAP,0.100,Connector_01x04_V,,,,,,,,,,,,,,,,,,,,,,,,,,,,,,,,,,
COMPONENT,1|CAT=UNK|PKG=KK-156-5|VAL=KK-156-5,Unknown,KK-156-5,KK-156-5,,,,,,,,,,,,,,,,,,,,,,,,,,,,,,,,,,
COMPONENT,1|CAT=UNK|PKG=FIDUCIAL|VAL=FIDICUAL,Unknown,FIDICUAL,FIDUCIAL,,,,,,,,,,,,,,,,,,,,,,,,,,,,,,,,,,
COMPONENT,1|CAT=UNK|PKG=SOT|VAL=BAT54,Unknown,BAT54,sot,,,,,,,,,,,,,,,,,,,,,,,,,,,,,,,,,,
COMPONENT,1|CAT=UNK|PKG=SOT|VAL=2N7002,Unknown,2N7002,sot,,,,,,,,,,,,,,,,,,,,,,,,,,,,,,,,,,
COMPONENT,1|CAT=RES|PKG=0603|VAL=2.2M,RES,2.2M,0603,,,,,,,,,,,,,,,,,,,,,,,,,,,,,,,,,,
COMPONENT,1|CAT=RES|PKG=0603|VAL=200,RES,200,0603,,,,,,,,,,,,,,,,,,,,,,,,,,,,,,,,,,
COMPONENT,1|CAT=IC|PKG=SO-8|VAL=LM6132A,IC,LM6132A,SO-8,,,,,,,,,,,,,,,,,,,,,,,,,,,,,,,,,,
COMPONENT,1|CAT=RES|PKG=0603|VAL=3.3K,RES,3.3k,0603,,,,,,,,,,,,,,,,,,,,,,,,,,,,,,,,,,
COMPONENT,1|CAT=RES|PKG=0603|VAL=NO_LOAD,RES,No_Load,0603,,,,,,,,,,,,,,,,,,,,,,,,,,,,,,,,,,
COMPONENT,"1|CAT=UNK|PKG=3,2|VAL=MOUNT-HOLE3.2",Unknown,MOUNT-HOLE3.2,"3,2",,,,,,,,,,,,,,,,,,,,,,,,,,,,,,,,,,
COMPONENT,1|CAT=LED|PKG=0603|VAL=LED,LED,LED,0603,,,,,,,,,,,,,,,,,,,,,,,,,,,,,,,,,,
COMPONENT,1|CAT=CAP|PKG=0603|VAL=0.01UF,CAP,0.01uF,0603,,,,,,,,,,,,,,,,,,,,,,,,,,,,,,,,,,
COMPONENT,1|CAT=UNK|PKG=FIS121|VAL=FIS121,Unknown,FIS121,FIS121,,,,,,,,,,,,,,,,,,,,,,,,,,,,,,,,,,
COMPONENT,1|CAT=RES|PKG=0603|VAL=1M,RES,1M,0603,,,,,,,,,,,,,,,,,,,,,,,,,,,,,,,,,,
COMPONENT,1|CAT=UNK|PKG=PHOENIX_254_3PIN_VAR|VAL=OSTVN03A150,Unknown,OSTVN03A150,PHOENIX_254_3PIN_VAR,,,,,,,,,,,,,,,,,,,,,,,,,,,,,,,,,,
COMPONENT,1|CAT=UNK|PKG=BOURNS_3306W|VAL=10K,Unknown,10k,BOURNS_3306W,,,,,,,,,,,,,,,,,,,,,,,,,,,,,,,,,,
COMPONENT,1|CAT=CON|PKG=SJ|VAL=SJ,CON,SJ,SJ,,,,,,,,,,,,,,,,,,,,,,,,,,,,,,,,,,
COMPONENT,1|CAT=CAP|PKG=0603|VAL=1UF,CAP,1uF,0603,,,,,,,,,,,,,,,,,,,,,,,,,,,,,,,,,,
COMPONENT,1|CAT=IC|PKG=SO-8|VAL=LM358,IC,LM358,SO-8,,,,,,,,,,,,,,,,,,,,,,,,,,,,,,,,,,
ITEM,,SLK,BRD_80x100,,,,,,Board Outline & Milling,,,,SLK_BRD_80x100,PCB Board outline with mounting holes - fits Tyco 3 mounting rail,SLK_BRD_80x100 BRD_80x100 SLK Board Outline & Milling,,,,10,Passive,BRD_80x100 Board Outline & Milling,Other,BRD_80x100,,,,,,,,,,,,,SPCoast:Board,SPCoast:Board_080x100,
ITEM,,SLK,BRD_100x50,,,,,,Board Outline & Milling,,,,SLK_BRD_100x50,PCB Board outline with mounting holes,BRD_100x50 SLK Board Outline & Milling,,,,10,Passive,BRD_100x50 Board Outline & Milling,Other,BRD_100x50,,,,,,,,,,,,,SPCoast:Board,SPCoast:Board_100x050,
ITEM,,SLK,BRD_100x25x2,,,,,,Board Outline & Milling,,,,SLK_BRD_100x25x2,PCB Board outline with mounting holes,BRD_100x25x2 SLK Board Outline & Milling,,,,10,Passive,BRD_100x25x2 Board Outline & Milling,Other,BRD_100x25x2,,,,,,,,,,,,,SPCoast:Board,SPCoast:Board_100x050_2,
ITEM,,SLK,BRD_100x75,,,,,,Board Outline & Milling,,,,SLK_BRD_100x75,PCB Board outline with mounting holes,BRD_100x75 SLK Board Outline & Milling,,,,10,,BRD_100x75 Board Outline & Milling,Other,BRD_100x75,,,,,,,,,,,,,SPCoast:Board,SPCoast:Board_100x075,
ITEM,,SLK,BRD_100x75,,,,,,Board Outline & Milling,,,,SLK_BRD_100x75,PCB Board outline with mounting holes  large radius corners,BRD_100x75 SLK Board Outline & Milling,,,,10,,BRD_100x75 Board Outline & Milling,Other,BRD_100x75,,,,,,,,,,,,,SPCoast:Board,SPCoast:Board_100x075_Rounded,
ITEM,,SLK,BRD_100x100,,,,,,Board Outline & Milling,,,,SLK_BRD_100x100,PCB Board outline with mounting holes,BRD_100x100 SLK Board Outline & Milling,,,,10,,BRD_100x100 Board Outline & Milling,Other,BRD_100x100,,,,,,,,,,,,,SPCoast:Board,SPCoast:Board_100x100,
ITEM,,SLK,BRD_100x150,,,,,,Board Outline & Milling,,,,SLK_BRD_100x150,PCB Board outline with mounting holes,BRD_100x150 SLK Board Outline & Milling,,,,10,,BRD_100x150 Board Outline & Milling,Other,BRD_100x150,,,,,,,,,,,,,SPCoast:Board,SPCoast:Board_100x150,
ITEM,,SLK,BRD_100x200,,,,,,Board Outline & Milling,,,,SLK_BRD_100x200,PCB Board outline with mounting holes,BRD_100x200 SLK Board Outline & Milling,,,,10,,BRD_100x200 Board Outline & Milling,Other,BRD_100x200,,,,,,,,,,,,,SPCoast:Board,SPCoast:Board_100x200,
ITEM,,SLK,DCPower+,,,,,,SilkScreen,,,,SLK_DCPower+,DC Power Jack Label,DCPower+ SLK SilkScreen,,,,10,,DCPower+ SilkScreen,Other,DCPower+,,,,,,,,,,,,,SPCoast:DOC_Label-Power_CP,SPCoast:SILK_Label-Power_CP,
ITEM,,SLK,DCPower-,,,,,,SilkScreen,,,,SLK_DCPower-,DC Power Jack Label,DCPower- SLK SilkScreen,,,,10,,DCPower- SilkScreen,Other,DCPower-,,,,,,,,,,,,,SPCoast:DOC_Label-Power_CN,SPCoast:SILK_Label-Power_CN,
ITEM,,SLK,CA65,,,,,,SilkScreen,,,,SLK_CA65,California Prop 65 warning,CA65 SLK SilkScreen,,,,10,,CA65 SilkScreen,Other,CA65,,,,,,,,,,,,,SPCoast:DOC_Label-CA65,SPCoast:SILK_Label-CA65,
ITEM,,SLK,CC-by-sa,,,,,,SilkScreen,,,,SLK_CC-by-sa,Creative Commons License 3.0,CC-by-sa SLK SilkScreen,,,,10,,CC-by-sa SilkScreen,Other,CC-by-sa,,,,,,,,,,,,,SPCoast:DOC_License-CC-BY-SA,SPCoast:SILK_License-CC-by-sa,
ITEM,,SLK,Logo_MRCS,,,,,,SilkScreen,,,,SLK_Logo_MRCS,MRCS PCB Logo,Logo_MRCS SLK SilkScreen,,,,10,,Logo_MRCS SilkScreen,Other,Logo_MRCS,,,,,,,,,,,,,SPCoast:DOC_Logo-MRCS,SPCoast:SILK_Logo-MRCS,
ITEM,,SLK,Logo_SPCoast,,,,,,SilkScreen,,,,SLK_Logo_SPCoast,SPCoast PCB Logo,Logo_SPCoast SLK SilkScreen,,,,10,,Logo_SPCoast SilkScreen,Other,Logo_SPCoast,,,,,,,,,,,,,SPCoast:DOC_Logo-SPCoast,SPCoast:SILK_Logo-SPCoast,
ITEM,,SLK,Power_Draw,,,,,,SilkScreen,,,,SLK_Power_Draw,SPCoast Power Consumption Label,Power_Draw SLK SilkScreen,,,,10,,Power_Draw SilkScreen,Other,Power_Draw,,,,,,,,,,,,,SPCoast:DOC_Label-Current-Sink,SPCoast:SILK_Label-Current-Sink,
ITEM,,SLK,Power_Provide,,,,,,SilkScreen,,,,SLK_Power_Provide,SPCoast Power Provision Label,Power_Provide SLK SilkScreen,,,,10,,Power_Provide SilkScreen,Other,Power_Provide,,,,,,,,,,,,,SPCoast:DOC_Label-Current-Source,SPCoast:SILK_Label-Current-Source,
ITEM,,CON,TC2030-NL,,,,,,SilkScreen & Pads,,,,CON_TC2030-NL,Tag Connect “No Legs” 6-pin Plug-of-Nails™ programming cable with a 6-pin 0.1″ pitch ribbon connector.,TC2030-NL CON SilkScreen & Pads,Tag Connect,TC2030-NL,,10,,TC2030-NL SilkScreen & Pads,Other,TC2030-NL,NL,2x3,"0.1""",,,,,,,,,,SPCoast:TC2030-IDC,SPCoast:Tag-Connect_TC2030-IDC-NL_2x03_P1.27mm_Vertical,
ITEM,,CON,TC2030-FP,,,,,,SilkScreen & Pads,,,,CON_TC2030-FP,Tag Connect “With Legs” 6-pin Plug-of-Nails™ programming cable with a 6-pin 0.1″ pitch ribbon connector.,TC2030-FP CON SilkScreen & Pads,Tag Connect,TC2030-FP,,10,,TC2030-FP SilkScreen & Pads,Other,TC2030-FP,Legs,2x3,"0.1""",,,,,,,,,,SPCoast:TC2030-IDC,SPCoast:Tag-Connect_TC2030-IDC-FP_2x03_P1.27mm_Vertical,
ITEM,,CON,TC2050-NL,,,,,,SilkScreen & Pads,,,,CON_TC2050-NL,Tag Connect “No Legs”10-pin Plug-of-Nails™ programming cable with a 10-pin 0.1″ pitch ribbon connector.,TC2050-NL CON SilkScreen & Pads,Tag Connect,TC2050-NL,,10,,TC2050-NL SilkScreen & Pads,Other,TC2050-NL,NL,2x5,"0.1""",,,,,,,,,,SPCoast:TC2050-IDC,SPCoast:Tag-Connect_TC2050-IDC-NL_2x05_P1.27mm_Vertical,
ITEM,,CON,TC2050-FP,,,,,,SilkScreen & Pads,,,,CON_TC2050-FP,Tag Connect “With Legs” 10-pin Plug-of-Nails™ programming cable with a10-pin 0.1″ pitch ribbon connector.,TC2050-FP CON SilkScreen & Pads,Tag Connect,TC2050-FP,,10,,TC2050-FP SilkScreen & Pads,Other,TC2050-FP,Legs,2x5,"0.1""",,,,,,,,,,SPCoast:TC2050-IDC,SPCoast:Tag-Connect_TC2050-IDC-FP_2x05_P1.27mm_Vertical,
ITEM,,CON,TC2070-FP,,,,,,SilkScreen & Pads,,,,CON_TC2070-FP,Tag Connect “With Legs” 14-pin Plug-of-Nails™ programming cable with a 14-pin 0.1″ pitch ribbon connector.,TC2070-FP CON SilkScreen & Pads,Tag Connect,TC2070-FP,,10,,TC2070-FP SilkScreen & Pads,Other,TC2070-FP,Legs,2x7,"0.1""",,,,,,,,,,SPCoast:TC2070-IDC,SPCoast:Tag-Connect_TC2070-IDC-FP_2x07_P1.27mm_Vertical,
ITEM,,SWI,EDG104S,DIP-8,,,,,SPSTx4 DIP,,,,SWI_EDG104S,SPST x4 DIP Switch,EDG104S SWI SPSTx4 DIP,ECE,EDG104S,C840579,10,Available,EDG104S SPSTx4 DIP,PTH,EDG104S,"0.3""",2x4,"0.1""",,,,,,,,,C840579,SPCoast:SW-EDG-04,SPCoast:SW-EDG-04,https://wmsc.lcsc.com/wmsc/upload/file/pdf/v2/lcsc/2311231642_ECE-EDG104S33_C840579.pdf
ITEM,,SWI,6x6x6mm_PTH,6mm button,,,,,SPSTx1 6mm Momentary,,,,SWI_6x6x6mm_PTH,Round Button Direct Insert SPST 6mm 5.5mm 50mA 100M 100 000 Times 12V 250gf Plugin Tactile Switch,6x6x6mm_PTH SWI SPSTx1 6mm Momentary,hanxia,HX TS666CJ 250gf 009,C5340138,10,Available,6x6x6mm_PTH SPSTx1 6mm Momentary,PTH,6x6x6mm_PTH,PTH,2x2,,,,,,,,,,C5340138,SPCoast:SW_Push,SPCoast:SW_Push_SPST_6mmx6mm_PTH,https://wmsc.lcsc.com/wmsc/upload/file/pdf/v2/lcsc/2212291730_hanxia-HX-TS666CJ-250gf-009_C5340138.pdf
ITEM,,SWI,6x6x6mm_SMD,6mm button,,,,,SPSTx1 6mm Momentary,,,,SWI_6x6x6mm_SMD,Round Button Standing paste SPST 6mm 6mm 6mm 50mA 100M 100 000 Times 12V 250gf SMD Tactile Switch,6x6x6mm_SMD SWI SPSTx1 6mm Momentary,hanxia,HX TS666TP 250gf 009,C5340123,10,Available,6x6x6mm_SMD SPSTx1 6mm Momentary,SMD,6x6x6mm_SMD,SMD,2x2,,,,,,,,,,C5340123,SPCoast:SW_Push,SPCoast:SW_Push_SPST_6mmx6mm_SMT,https://wmsc.lcsc.com/wmsc/upload/file/pdf/v2/lcsc/2212271430_hanxia-HX-TS666TP-250gf-009_C5340123.pdf
ITEM,,CON,DCJ0202,,,,,,Power Connector,,,,CON_DCJ0202,DC Jack 0202,DCJ0202 CON Power Connector,,DCJ0202,,10,Available,DCJ0202 Power Connector,PTH,DCJ0202,,3x,,,,,,,,,,,SPCoast:Conn_DC_POWER,SPCoast:DCJ0202,
ITEM,,CON,1x02-0.100,,,,,,Male Header,,,,CON_1x02-0.100,Connector 1x02 0.100,1x02-0.100 CON Male Header,,,,10,Available,1x02-0.100 Male Header,PTH,1x02-0.100,,1x2,0.1,,,,,,,,,,SPCoast:Conn_01x02,SPCoast:Connector_01x02_V,
ITEM,,CON,1x03-0.100,,,,,,Male Header,,,,CON_1x03-0.100,Connector 1x03 0.100,1x03-0.100 CON Male Header,,,,10,Available,1x03-0.100 Male Header,PTH,1x03-0.100,,1x3,0.1,,,,,,,,,,SPCoast:Conn_01x03,SPCoast:Connector_01x03_V,
ITEM,,CON,1x04-0.100,,,,,,Male Header,,,,CON_1x04-0.100,Connector 1x04 0.100,1x04-0.100 CON Male Header,,,,10,Available,1x04-0.100 Male Header,PTH,1x04-0.100,,1x4,0.1,,,,,,,,,,SPCoast:Conn_01x04,SPCoast:Connector_01x04_V,
ITEM,,CON,1x06-0.100,,,,,,Male Header,,,,CON_1x06-0.100,Connector 1x06 0.100,1x06-0.100 CON Male Header,,,,10,Available,1x06-0.100 Male Header,PTH,1x06-0.100,,1x6,0.1,,,,,,,,,,SPCoast:Conn_01x06,SPCoast:Connector_01x06_V,
ITEM,,CON,FTDI-1x6-0.100,,,,,,Male Header,,,,CON_FTDI-1x6-0.100,FTDI Programming Connector 1x06 0.100,FTDI-1x6-0.100 CON Male Header,,,,10,Available,FTDI-1x6-0.100 Male Header,PTH,FTDI-1x6-0.100,,1x6,0.1,,,,,,,,,,SPCoast:Conn_Programmer-FTDI,SPCoast:Connector_FTDI-DEVICE-SIDE,
ITEM,,CON,M5-1x6-0.100,,,,,,Female Header,,,,CON_M5-1x6-0.100,M5 Programming Connector 1x06 0.100,M5-1x6-0.100 CON Female Header,,,,10,Available,M5-1x6-0.100 Female Header,PTH,M5-1x6-0.100,,1x6,0.1,,,,,,,,,,SPCoast:Conn_Programmer-M5,SPCoast:Connector_M5-DEVICE-SIDE,
ITEM,,CON,SSD1306-1x4-0.100,,,,,,Male Header,,,,CON_SSD1306-1x4-0.100,I2C SSD1306 OLED Connector,SSD1306-1x4-0.100 CON Male Header,,,,10,Available,SSD1306-1x4-0.100 Male Header,PTH,SSD1306-1x4-0.100,,1x4,0.1,,,,,,,,,,SPCoast:Conn_I2C-OLED,SPCoast:Connector_I2C-OLED,
ITEM,,MCU,WT32-ETH01,,,,,,ESP32,,,,MCU_WT32-ETH01,WT32-ETH01,WT32-ETH01 MCU ESP32,WT,WT32-ETH01,,10,Available,WT32-ETH01 ESP32,PTH,WT32-ETH01,,2x13,0.1x0.9,,,,,,,,,,SPCoast:WT32-ETH01,SPCoast:WT32-ETH01,"https://www.amazon.com/DWEII-WT32-ETH01-Bluetooth-Development-Converter/dp/B0B1V2RSLY/ref=sr_1_6?crid=314KW0BPPVKW8&dib=eyJ2IjoiMSJ9.G-jwgG2jf14TIyjtM6gPyYH3hjQUHKrQfu5_H3L9tC5jQFWRvQDq9e6MLIQJ2c_4zpV9VRvg39dGowOt8Ju3zdg0lPeXEKqTTXnLnach_267rAAC7T58mNYeH4anDT2My3U9K8OfvWwLEeqER44Jda4kDCnkxc14_Mbmi_gna2cnePF20jCunUNQWGwMVCvjp-UtBf86MK56FFjlFtjp1z2Aq4rvOP806BaqqU8Oo38.ev-u-C0T1GFgjLgimXKb_ZAMLnonoSzJ6AzhzPd1w-4&dib_tag=se&keywords=WT32-eth01&qid=1736014651&sprefix=wt32-eth01,aps,160&sr=8-6&th=1"
ITEM,,MCU,ESP32-DevKit_V1,,,,,,ESP32,,,,MCU_ESP32-DevKit_V1,ESP32-DevKit_V1 WROOM32,ESP32-DevKit_V1 MCU ESP32,Espressif,ESP32-DevKit_V1,,10,Available,ESP32-DevKit_V1 ESP32,PTH,ESP32-DevKit_V1,,2x15,0.1x0.9,,,,,,,,,,SPCoast:ESP32-DevKit_V1,SPCoast:ESP32-DevKit_V1,https://mischianti.org/wp-content/uploads/2020/11/ESP32-DOIT-DEV-KIT-v1-pinout-mischianti.png
ITEM,,CAP,0.01uF,0603,10%,,,,X7R,,0.01uF,,CAP_0.01uF_X7R_0603_25V,25V 10nF X7R ±10% 0603 Multilayer Ceramic Capacitors MLCC,0.01uF CAP 10% X7R 25V,YAGEO,CC0603KPX7R8BB103,C1852832,1,Retired,0.01uF 10% X7R 25V,SMD,,,,,25V,,,,,,,,C1852832,Device:C,SPCoast:0603-CAP,https://wmsc.lcsc.com/wmsc/upload/file/pdf/v2/lcsc/2201271000_YAGEO-CC0603KPX7R8BB103_C1852832.pdf
ITEM,,CAP,0.01uF,0603,10%,,,,X5R,,0.01uF,,CAP_0.01uF_X5R_0603_50V,50V 10nF X5R ±10% 0603 Multilayer Ceramic Capacitors MLCC,0.01uF CAP 10% X5R 50V,CAL-CHIP,GMC10X5R103K50NT,C3910010,2,Retired,0.01uF 10% X5R 50V,SMD,,,,,50V,,,,,,,,C3910010,Device:C,SPCoast:0603-CAP,-na-
ITEM,,CAP,0.01uF,0603,10%,,,,X7R,,0.01uF,,CAP_0.01uF_X7R_0603_50V,50V 10nF X7R ±10% 0603 Multilayer Ceramic Capacitors MLCC,0.01uF CAP 10% X7R 50V,YAGEO,CC0603KRX7R9BB103,C100042,3,Available,0.01uF 10% X7R 50V,SMD,,,,,50V,,,,,,,,C100042,Device:C,SPCoast:0603-CAP,https://www.lcsc.com/datasheet/lcsc_datasheet_2304140030_YAGEO-CC0603KRX7R9BB103_C100042.pdf
ITEM,,CAP,0.1uF,0603,10%,,,,X5R,,0.1uF,,CAP_0.1uF_X5R_0603_25V,25V 100nF X5R ±10% 0603 Multilayer Ceramic Capacitors MLCC,0.1uF CAP 10% X5R 25V,CAL-CHIP,GMC10X5R104K25NT,C3853265,1,Retired,0.1uF 10% X5R 25V,SMD,,,,,25V,,,,,,,,C3853265,Device:C,SPCoast:0603-CAP,-na-
ITEM,,CAP,0.1uF,0603,10%,,,,X7R,,0.1uF,,CAP_0.1uF_X7R_0603_50V,50V 100nF X7R ±10% 0603 Multilayer Ceramic Capacitors MLCC,0.1uF CAP 10% X7R 50V,YAGEO,CC0603KRX7R9BB104,C14663,2,Available,0.1uF 10% X7R 50V,SMD,,,,,50V,,,,,,,,C14663,Device:C,SPCoast:0603-CAP,https://www.lcsc.com/datasheet/lcsc_datasheet_2211101700_YAGEO-CC0603KRX7R9BB104_C14663.pdf
ITEM,,CAP,1uF,0603,10%,,,,X5R,,1uF,,CAP_1uF_X5R_0603_25V,35V 1uF X5R ±10% 0603 Multilayer Ceramic Capacitors MLCC,1uF CAP 10% X5R 25V,Taiyo Yuden,GMK107BJ105KAHT,C2169859,1,Retired,1uF 10% X5R 25V,SMD,,,,,25V,,,,,,,,C2169859,Device:C,SPCoast:0603-CAP,https://wmsc.lcsc.com/wmsc/upload/file/pdf/v2/lcsc/2309051403_Taiyo-Yuden-GMK107BJ105KAHT_C2169859.pdf
ITEM,,CAP,1uF,0603,10%,,,,X5R,,1uF,,CAP_1uF_X5R_0603_50V,50V 1uF X5R ±10% 0603 Multilayer Ceramic Capacitors MLCC,1uF CAP 10% X5R 50V,Samsung,CL10A105KB8NNNC,C15849,2,Available,1uF 10% X5R 50V,SMD,,,,,50V,,,,,,,,C15849,Device:C,SPCoast:0603-CAP,https://www.lcsc.com/datasheet/lcsc_datasheet_2304140030_Samsung-Electro-Mechanics-CL10A105KB8NNNC_C15849.pdf
ITEM,,CAP,10uF,1206,10%,,,,X5R,,10uF,,CAP_10uF_X5R_1206_50V,50V 10uF X5R ±10% 1206 Multilayer Ceramic Capacitors MLCC,10uF CAP 10% X5R 50V,Samsung,CL31A106KBHNNNE,C13585,1,Available,10uF 10% X5R 50V,SMD,,,,,50V,,,,,,,,C13585,Device:C,SPCoast:1206-CAP,https://www.lcsc.com/datasheet/lcsc_datasheet_2304140030_Samsung-Electro-Mechanics-CL31A106KBHNNNE_C13585.pdf
ITEM,,CAP,220uF,8x10,20%,,,,Electrolytic,,220uF,,CAP_220uF_Electrolytic_8x10,220uF 35V 300mA@120Hz ±20% SMD D8xL10mm Aluminum Electrolytic Capacitor,220uF CAP 20% Electrolytic 35V,Nichicon,UCD1V221MNL1GS,C136294,1,Available,220uF 20% Electrolytic 35V,SMD,,,,,35V,,,,,,,,C136294,Device:C_Polarized_US,SPCoast:CP_Elec_8x10,https://www.lcsc.com/datasheet/lcsc_datasheet_1808312007_Nichicon-UCD1V221MNL1GS_C136294.pdf
ITEM,,CAP,1000uF,8x11.5,20%,,,,Electrolytic,,1000uF,,CAP_1000uF_Electrolytic_8x11.5,Aluminum Electrolytic Capacitors - Radial Leaded 1000uF 6.3V 85c,1000uF CAP 20% Electrolytic 6.3V,,,,2,,1000uF 20% Electrolytic 6.3V,PTH,,,,,6.3V,,,,,,647-UVR0J102MPD1TD,https://www.mouser.com/ProductDetail/Nichicon/UVR0J102MPD1TD,,Device:C_Polarized_US,,
ITEM,,CAP,1000uF,10x10.2,20%,,,,Electrolytic,,1000uF,,CAP_1000uF_Electrolytic_10x10.2,Aluminum Electrolytic Capacitors - Radial Leaded 1000uF 16V -55-105c 347mA@120hz 20% D10xL10.2,1000uF CAP 20% Electrolytic 16V,DMBJ,RVT1C102M1010 1000UF 16V,C970714,1,Available,1000uF 20% Electrolytic 16V,SMD,,,,,16V,,,,,,,,C970714,Device:C_Polarized_US,Capacitor_SMD:CP_Elec_10x10,https://jlcpcb.com/api/file/downloadByFileSystemAccessId/8590911073887604736
ITEM,,DIO,4.7V,SOD-323,,,,,zener,,,,DIO_4.7V_SOD-323,4.7V SOD-323 Zener Diode -W7,4.7V DIO zener 4.7V 5mA 200mW,Shandong Jingdao,BZT52C4V7S,C353517,5,Available,4.7V zener 4.7V 5mA 200mW,SMD,4.7V,,,,4.7V,5mA,200mW,,,,,,C353517,SPCoast:D_Zener_Filled,SPCoast:SOD-323,https://www.lcsc.com/datasheet/lcsc_datasheet_2304140030_Shandong-Jingdao-Microelectronics-BZT52C4V7S_C353517.pdf
ITEM,,DIO,BAT54,SOT-23,,,,,single Schottkey,,,,DIO_BAT54_SOT-23,BAT54  Single Schottky 30V 200mA,BAT54 DIO single Schottkey 30V,HXY,BAT54,C5261070,5,Available,BAT54 single Schottkey 30V,SMD,BAT54,,,,30V,,,,,,,,C5261070,Diode:BAT54,SPCoast:SOT-23,https://wmsc.lcsc.com/wmsc/upload/file/pdf/v2/lcsc/2406051353_HXY-MOSFET-BAT54_C5261070.pdf
ITEM,,DIO,BAT54A,SOT-23,,,,,dual Schottkey common anode,,,,DIO_BAT54A_SOT-23,BAT54A Dual Schottky 30V 200mA Common Anode,BAT54A DIO dual Schottkey common anode 30V,FOSAN,BAT54A,C2926172,5,Available,BAT54A dual Schottkey common anode 30V,SMD,BAT54A,,,,30V,,,,,,,,C2926172,Diode:BAT54A,SPCoast:SOT-23,https://wmsc.lcsc.com/wmsc/upload/file/pdf/v2/lcsc/2112031830_FOSAN-BAT54A_C2926172.pdf
ITEM,,DIO,BAT54S,SOT-23,,,,,dual Schottkey series,,,,DIO_BAT54S_SOT-23,BAT54S Dual Schottky 30V 200mA Series,BAT54S DIO dual Schottkey series 30V,FOSAN,BAT54S,C2926174,5,Available,BAT54S dual Schottkey series 30V,SMD,BAT54S,,,,30V,,,,,,,,C2926174,Diode:BAT54S,SPCoast:SOT-23,https://wmsc.lcsc.com/wmsc/upload/file/pdf/v2/lcsc/2112031830_FOSAN-BAT54S_C2926174.pdf
ITEM,,DIO,BAT54C,SOT-23,,,,,dual Schottkey common cathode,,,,DIO_BAT54C_SOT-23,30V 1 pair of common cathodes 1V@100mA 200mA SOT-23 Schottky Diodes,BAT54C DIO dual Schottkey common cathode 30V,Microdiode,BAT54C,C408388,1,Available,BAT54C dual Schottkey common cathode 30V,SMD,BAT54C,,,,30V,,,,,,,,C408388,Diode:BAT54C,SPCoast:SOT-23,https://www.lcsc.com/datasheet/lcsc_datasheet_2407101108_MDD-Microdiode-Semiconductor-BAT54C_C408388.pdf
ITEM,,IC,LM358D,SOP-8,,,,,dual OpAmp,,,,IC_LM358D_SOP-8,SOP-8 Operational Amplifier,LM358D IC dual OpAmp ±15V or +30V,IDCHIP,LM358D,C2683482,1,Available,LM358D dual OpAmp ±15V or +30V,SMD,LM358D,,,,±15V or +30V,,,,,,,,C2683482,SPCoast:LM358,SPCoast:SOIC-8_3.9x4.9mm_P1.27mm;Package_SO:SOIC-8_3.9x4.9mm_P1.27mm,https://www.lcsc.com/datasheet/lcsc_datasheet_2403081523_IDCHIP-LM358D_C2683482.pdf
ITEM,,IC,NE556,SOP-14,,,,,Dual Timer,,,,IC_NE556_SOP-14,NE556 100kHz Dual Timer,NE556 IC Dual Timer 16V 600mW,HANSCHIP,NE556DRG,C5145392,5,Available,NE556 Dual Timer 16V 600mW,SMD,NE556,,,,16V,,600mW,,,,,,C5145392,Timer:NE556,SPCoast:SOP_14;Package_SO:SOIC-14_3.9x8.7mm_P1.27mm,https://wmsc.lcsc.com/wmsc/upload/file/pdf/v2/lcsc/2209290930_HANSCHIP-semiconductor-NE556DRG_C5145392.pdf
ITEM,,IC,MCP23017,SOIC-28-300mil,,,,,I2C 16-bit I/O Expander,,,,IC_MCP23017_SOIC-28-300mil,MCP23017 I2C 16 bit I/O Expander,MCP23017 IC I2C 16-bit I/O Expander,Microchip,MCP23017T-E/SO,C629440,1,Available,MCP23017 I2C 16-bit I/O Expander,SMD,MCP23017,,,,,,,,,,,,C629440,SPCoast:MCP23017_SO,SPCoast:SOIC-28W_7.5x17.9mm,https://wmsc.lcsc.com/wmsc/upload/file/pdf/v2/lcsc/2203221230_Microchip-Tech-MCP23017T-E-SO_C629440.pdf
ITEM,,IC,PCA9685,TSSOP-28,,,,,I2C 16-bit PWM LED Driver,,,,IC_PCA9685_TSSOP-28,5.5V 100kHz~1MHz PWM 16 25mA 2.3V~5.5V TSSOP-28 LED Driver,PCA9685 IC I2C 16-bit PWM LED Driver,NXP,"PCA9685PW,118",C2678753,1,Available,PCA9685 I2C 16-bit PWM LED Driver,SMD,PCA9685,,,,,,,,,,,,C2678753,SPCoast:PCA9685PW,Package_SO:TSSOP-28_4.4x9.7mm_P0.65mm,https://www.lcsc.com/datasheet/lcsc_datasheet_2405281434_NXP-Semicon-PCA9685PW-118_C2678753.pdf
ITEM,,LED,Blue,0603,,,,,clear,,,,LED_Blue_0603_20mA,20mA 240mcd Colorless and transparent -20℃~+85℃ Positive Stick 455nm~475nm Blue 120° 70mW 3.3V 0603 LED Indication,Blue LED clear 3.3V 20mA 240mcd,XINGLIGHT,XL-1608UBC-04,C965807,1,Available,Blue LED clear 3.3V 20mA 240mcd,SMD,Blue,,,,3.3V,20mA,,120°,455nm~475nm,240,,,C965807,Device:LED,SPCoast:0603-LED,https://wmsc.lcsc.com/wmsc/upload/file/pdf/v2/lcsc/2402181505_XINGLIGHT-XL-1608UBC-04_C965807.pdf
ITEM,,LED,White,0603,,,,,warm,,,,LED_White_0603_20mA,20mA 13700K~33000K 130mcd WarmWhite -20℃~+85℃ Positive Stick White 120° 70mW 2.7V 0603 LED Indication,White LED warm 2.7V 20mA 130mcd,XINGLIGHT,XL-1608UWC-04,C965808,1,Available,White LED warm 2.7V 20mA 130mcd,SMD,White,,,,2.7V,20mA,,120°,13700 - 33000 K,130,,,C965808,Device:LED,SPCoast:0603-LED,https://wmsc.lcsc.com/wmsc/upload/file/pdf/v2/lcsc/2402181505_XINGLIGHT-XL-1608UWC-04_C965808.pdf
ITEM,,LED,Green Emerald,0603,,,,,clear,,,,LED_Green Emerald_0603_20mA,20mA 810mcd Colorless transparent  515nm~535nm -20℃~+85℃ Positive Stick Emerald Green 120° 70mW 3.3V 0603 LED Indication,Green Emerald LED clear 3.3V 20mA 810mcd,XINGLIGHT,XL-1608UGC-04,C965804,1,Available,Green Emerald LED clear 3.3V 20mA 810mcd,SMD,Green Emerald,,,,3.3V,20mA,,120°,515nm~535nm,810,,,C965804,Device:LED,SPCoast:0603-LED,https://wmsc.lcsc.com/wmsc/upload/file/pdf/v2/lcsc/2402181505_XINGLIGHT-XL-1608UGC-04_C965804.pdf
ITEM,,LED,Yellow Green,0603,,,,,clear,,,,LED_Yellow Green_0603_20mA,20mA 240mcd Colorless transparent 565nm~575nm -20℃~+85℃ Positive Stick Yellow Green 120° 50mW 2.4V 0603 LED Indication,Yellow Green LED clear 2.4V 20mA 240mcd,XINGLIGHT,XL-1608SYGC-04,C965806,1,Retired,Yellow Green LED clear 2.4V 20mA 240mcd,SMD,Yellow Green,,,,2.4V,20mA,,,565nm~575nm,240,,,C965806,Device:LED,SPCoast:0603-LED,https://wmsc.lcsc.com/wmsc/upload/file/pdf/v2/lcsc/2402181505_XINGLIGHT-XL-1608SYGC-04_C965806.pdf
ITEM,,LED,Orange,0603,,,,,clear,,,,LED_Orange_0603_10mA,10mA Orange 0603 LED Indication,Orange LED clear 2.2V 10mA 70mcd,HONGLITRONIC,HL-PSC-1608S25OC-G4,C22371303,1,Retired,Orange LED clear 2.2V 10mA 70mcd,SMD,Orange,,,,2.2V,10mA,,,600nm~612nm,70,,,C22371303,Device:LED,SPCoast:0603-LED,https://wmsc.lcsc.com/wmsc/upload/file/pdf/v2/lcsc/2403281522_HONGLITRONIC-Hongli-Zhihui--HONGLITRONIC-HL-PSC-1608S25OC-G4_C22371303.pdf
ITEM,,LED,Orange,0603,,,,,clear,,,,LED_Orange_0603_20mA,20mA 315mcd Colorless transparent -20℃~+85℃ 600nm~610nm Positive Stick Orange 120° 50mW 2.3V 0603 LED Indication,Orange LED clear 2.3V 20mA 315mcd,XINGLIGHT,XL-1608UOC-06,C965800,2,Retired,Orange LED clear 2.3V 20mA 315mcd,SMD,Orange,,,,2.3V,20mA,,,,315,,,C965800,Device:LED,SPCoast:0603-LED,https://wmsc.lcsc.com/wmsc/upload/file/pdf/v2/lcsc/2402181505_XINGLIGHT-XL-1608UOC-06_C965800.pdf
ITEM,,LED,Orange,0603,,,,,clear,,,,LED_Orange_0603_20mA,20mA 315mcd Colorless transparent -20℃~+85℃ 600nm~610nm Positive Stick Orange 120° 50mW 2.3V 0603 LED Indication,Orange LED clear 2.3V 20mA 315mcd,XINGLIGHT,XL-1608UOC-04,C965801,3,Available,Orange LED clear 2.3V 20mA 315mcd,SMD,Orange,,,,2.3V,20mA,,120°,600nm~610nm,315,,,C965801,Device:LED,SPCoast:0603-LED,https://wmsc.lcsc.com/wmsc/upload/file/pdf/v2/lcsc/2402181505_XINGLIGHT-XL-1608UOC-06_C965800.pdf
ITEM,,LED,Yellow,0603,,,,,clear,,,,LED_Yellow_0603_20mA,20mA 450mcd Colorless transparent -20℃~+85℃ 585nm~595nm Positive Stick Yellow 120° 50mW 2.3V 0603 LED Indication,Yellow LED clear 2.3V 20mA 450mcd,XINGLIGHT,XL-1608UYC-04,C965803,10,Available,Yellow LED clear 2.3V 20mA 450mcd,SMD,Yellow,,,,2.3V,20mA,,120°,585nm~595nm,450,,,C965803,Device:LED,SPCoast:0603-LED,https://wmsc.lcsc.com/wmsc/upload/file/pdf/v2/lcsc/2402181505_XINGLIGHT-XL-1608UOC-04_C965801.pdf
ITEM,,LED,Red,0603,,,,,clear,,,,LED_Red_0603_20mA,20mA 150mcd 622nm Red 120° 2.2V 0603 LED Indication,Red LED clear 2.2V 20mA 150mcd,Inolux,IN-S63ASR,C7288939,2,Retired,Red LED clear 2.2V 20mA 150mcd,SMD,Red,,,,2.2V,20mA,,,,150,,,C7288939,Device:LED,SPCoast:0603-LED,https://wmsc.lcsc.com/wmsc/upload/file/pdf/v2/lcsc/2404241146_Inolux-IN-S63ASR_C7288939.pdf
ITEM,,LED,Red,0603,,,,,clear,,,,LED_Red_0603_20mA,20mA 330mcd Colorless transparent -20℃~+85℃ Positive Stick 620nm~630nm Red 120° 50mW 2.3V 0603 LED Indication,Red LED clear 2.3V 20mA 330mcd,XINGLIGHT,XL-1608SURC-06,C965799,1,Retired,Red LED clear 2.3V 20mA 330mcd,SMD,Red,,,,2.3V,20mA,,,,330,,,C965799,Device:LED,SPCoast:0603-LED,https://wmsc.lcsc.com/wmsc/upload/file/pdf/v2/lcsc/2402181505_XINGLIGHT-XL-1608SURC-06_C965799.pdf
ITEM,,LED,Red,0603,,,,,clear,,,,LED_Red_0603_20mA,20mA 360mcd Colorless transparent 615nm~625nm -20℃~+85℃ Positive Stick Red 120° 50mW 2.4V 0603 LED Indication,Red LED clear 2.4V 20mA 360mcd,XINGLIGHT,"XL-1608SURC-04
",C965798,3,Available,Red LED clear 2.4V 20mA 360mcd,SMD,Red,,,,2.4V,20mA,,120°,615nm~625nm,360,,,C965798,Device:LED,SPCoast:0603-LED,https://wmsc.lcsc.com/wmsc/upload/file/pdf/v2/lcsc/2402181505_XINGLIGHT-XL-1608SURC-04_C965798.pdf
ITEM,,LED,WS2812B,SMD5050,,,,,WS2812B-WS2812B5050,,,,LED_WS2812B_SMD5050,SMD5050 RGB LEDs(Built-in IC) NeoPixel,WS2812B LED WS2812B-WS2812B5050 5v 12mA,XINGLIGHT,XL-5050RGBC-WS2812B,C2843785,1,Available,WS2812B LED WS2812B-WS2812B5050 5v 12mA,SMD,WS2812B,,,,5v,12mA,,,,,,,C2843785,SPCoast:WS2812B,SPCoast:WS2812B,https://www.lcsc.com/datasheet/lcsc_datasheet_2404120946_XINGLIGHT-XL-5050RGBC-WS2812B_C2843785.pdf
ITEM,,REG,AMS1117-ADJ,SOT-223-3,,,,,ADJ,,,,REG_AMS1117-ADJ_SOT-223-3,1A Low Dropout regulator positive adjustable output / fixed: 1.5V≤ (VIN - VOUT) ≤ 12V 1.5V 1.8V 2.5V 2.85V 3.3V and 5.0V,AMS1117-ADJ REG ADJ 1.25-10.5v 1A,HXY MOSFET,AMS1117-ADJ,C5345985,10,Available,AMS1117-ADJ ADJ 1.25-10.5v 1A,SMD,AMS1117-ADJ,,,,1.25-10.5v,1A,,,,,,,C5345985,SPCoast:AMS1117,SPCoast:SOT-223-3_TabPin2,https://wmsc.lcsc.com/wmsc/upload/file/pdf/v2/lcsc/2301120930_HXY-MOSFET-AMS1117-ADJ_C5345985.pdf
ITEM,,REG,AMS1117-3.3,SOT-223-3,,,,,3v3,,,,REG_AMS1117-3.3_SOT-223-3,1A Low Dropout regulator positive fixed 3.3V,AMS1117-3.3 REG 3v3 3v3 1A,HXY MOSFET,AMS1117-3.3,C5345982,10,Available,AMS1117-3.3 3v3 3v3 1A,SMD,AMS1117-3.3,,,,3v3,1A,,,,,,,C5345982,SPCoast:AMS1117,SPCoast:SOT-223-3_TabPin2,https://wmsc.lcsc.com/wmsc/upload/file/pdf/v2/lcsc/2301120930_HXY-MOSFET-AMS1117-3-3_C5345982.pdf
ITEM,,REG,AMS1117-5.0,SOT-223-3,,,,,5v,,,,REG_AMS1117-5.0_SOT-223-3,1A Low Dropout regulator positive fixed 5.0V,AMS1117-5.0 REG 5v 5v0 1A,HXY MOSFET,AMS1117-5.0,C5345984,1,Available,AMS1117-5.0 5v 5v0 1A,SMD,AMS1117-5.0,,,,5v0,1A,,,,,,,C5345984,SPCoast:AMS1117,SPCoast:SOT-223-3_TabPin2,https://wmsc.lcsc.com/wmsc/upload/file/pdf/v2/lcsc/2301120930_HXY-MOSFET-AMS1117-5-0_C5345984.pdf
ITEM,,REG,78L05,TO-220,,,,,5v,,,,REG_78L05_TO-220,5v Linear Regulator,78L05 REG 5v,,,,10,Available,78L05 5v,PTH,78L05,,,,,,,,,,,,,,,
ITEM,,RLY,G2RL-2,29x12.7x15.7mm,,,,,24v DPDT,,,,RLY_G2RL-2_29x12.7x15.7mm,DPDT Low profile power relay 15.7mmH,G2RL-2 RLY 24v DPDT 24v 8A,Omron,G2RL-2 / 24v,,10,Available,G2RL-2 24v DPDT 24v 8A,PTH,G2RL-2,,,,24v,8A,,,,,,,,SPCoast:G2RL-2,SPCoast:Relay_DPDT_Omron_G2RL-2,https://omronfs.omron.com/en_US/ecb/products/pdf/en-g2rl.pdf
ITEM,,Q,MMBT2222LT1G,SOT-23,,,,,NPN,,,,Q_NPN_600mA_SOT-23_MMBT2222LT1G,NPN 30 V 600 mA 250MHz 300 mW Surface Mount SOT-23-3 (TO-236),MMBT2222LT1G Q NPN 30V 600mA 300mW,ONSemi,MMBT2222LT1G,,10,Available,MMBT2222LT1G NPN 30V 600mA 300mW,SMD,MMBT2222LT1G,,,,30V,600mA,300mW,,,,,,,Device:Q_NPN_BEC,SPCoast:SOT-23,
ITEM,,Q,MMBT3904,SOT-23,,,,,NPN,,,,Q_NPN_200mA_SOT-23_MMBT3904,NPN 40V 200mW 100@10mA 1V 200mA NPN SOT-23,MMBT3904 Q NPN 40V 200mA 200mW,HXY,MMBT3904,C5184404,1,Available,MMBT3904 NPN 40V 200mA 200mW,SMD,MMBT3904,,,,40V,200mA,200mW,,,,,,C5184404,Device:Q_NPN_BEC,SPCoast:SOT-23,https://wmsc.lcsc.com/wmsc/upload/file/pdf/v2/lcsc/2407151447_HXY-MOSFET-MMBT3904_C5184404.pdf
ITEM,,Q,BC807,SOT-23,,,,,PNP,,,,Q_PNP_500mA_SOT-23_BC807,PNP 45V 300mW 250@100mA 1V 500mA PNP SOT-23,BC807 Q PNP 45V 500mA 300mW,HXY,BC807-40,C5184433,1,Available,BC807 PNP 45V 500mA 300mW,SMD,BC807,,,,45V,500mA,300mW,,,,,,C5184433,Device:Q_PNP_BEC,SPCoast:SOT-23,https://wmsc.lcsc.com/wmsc/upload/file/pdf/v2/lcsc/2303091430_HXY-MOSFET-BC807-40_C5184433.pdf
ITEM,,Q,2N7002,SOT-23,,,,,N-FET,,,,Q_N-FET_300mA_SO-8_2N7002,60V 300mA 1.5@10V 500mA 200mW 1.5V@250uA N-Channel SOT-23 MOSFETs,2N7002 Q N-FET 60v 300mA,ElecSuper,2N7002,C5224215,1,Available,2N7002 N-FET 60v 300mA,SMD,2N7002,,,,60v,300mA,,,,,,,C5224215,Device:Q_NMOS_GSD,SPCoast:SOT-23,https://wmsc.lcsc.com/wmsc/upload/file/pdf/v2/lcsc/2210271630_ElecSuper-2N7002_C5224215.pdf
ITEM,,Q,DMN4468,SO-8,,,,,N-FET,,,,Q_N-FET_10A_SOT-23_DMN4468,30V 10A 14m@10V00mA N-Channel SO-8 MOSFETs,DMN4468 Q N-FET 30v 10A,Diodes,DMN4468LSS,C878901,1,Available,DMN4468 N-FET 30v 10A,SMD,DMN4468,,,,30v,10A,,,,,,,C878901,SPCoast:MOSFET-N,SPCoast:SO-8,https://www.diodes.com/assets/Datasheets/ds31773.pdf
ITEM,,Q,2301V,SOT-23,,,,,P-FET,,,,Q_P-FET_2.3A_0603_2301V,20V 2.3A 95m 1V 1 Piece P-Channel SOT-23 MOSFET,2301V Q P-FET 20V 2.3A,HL,2301V,C7499856,1,Available,2301V P-FET 20V 2.3A,SMD,2301V,,,,20V,2.3A,,,,,,,C7499856,Device:Q_PMOS_GSD,SPCoast:SOT-23,https://wmsc.lcsc.com/wmsc/upload/file/pdf/v2/lcsc/2310251707_HL-2301V_C7499856.pdf
ITEM,,RES,200,0603,5%,,,,thick film,200,,,RES_5%_100mW_0603_200,200 100mW  75V ±100ppm/℃ ±5% 0603,200 RES 5% thick film 75V 100mW,FOJAN,FRC0603J201 TS,C2907123,1,Retired,200 5% thick film 75V 100mW,SMD,,,,,75V,,100mW,,,,,,C2907123,Device:R_US,SPCoast:0603-RES,https://wmsc.lcsc.com/wmsc/upload/file/pdf/v2/lcsc/2308241947_FOJAN-FRC0603J201-TS_C2907123.pdf
ITEM,,RES,220,0603,1%,,,,thick film,220,,,RES_1%_100mW_0603_220,220 100mW s 150V ±100ppm/℃ ±1% 0603,220 RES 1% thick film 150V 100mW,YAGEO,RC0603FR-13220RL,C5842375,2,Retired,220 1% thick film 150V 100mW,SMD,,,,,150V,,100mW,,,,,,C5842375,Device:R_US,SPCoast:0603-RES,https://wmsc.lcsc.com/wmsc/upload/file/pdf/v2/lcsc/2312030915_YAGEO-RC0603FR-13220RL_C5842375.pdf
ITEM,,RES,220,0603,5%,,,,thick film,220,,,RES_5%_100mW_0603_220,220 100mW  75V ±100ppm/℃ ±5% 0603,220 RES 5% thick film 75V 100mW,UNI-ROYAL,0603WAJ0221T5E,C1226,3,Available,220 5% thick film 75V 100mW,SMD,,,,,75V,,100mW,,,,,,C1226,Device:R_US,SPCoast:0603-RES,https://www.lcsc.com/datasheet/lcsc_datasheet_2206010230_UNI-ROYAL-Uniroyal-Elec-0603WAJ0221T5E_C1226.pdf
ITEM,,RES,330,0603,5%,,,,thick film,330,,,RES_5%_100mW_0603_330,330 100mW  75V ±100ppm/℃ ±5% 0603,330 RES 5% thick film 75V 100mW,UNI-ROYAL,0603WAJ0331T5E,C25231,1,Available,330 5% thick film 75V 100mW,SMD,,,,,75V,,100mW,,,,,,C25231,Device:R_US,SPCoast:0603-RES,https://www.lcsc.com/datasheet/lcsc_datasheet_2205311845_UNI-ROYAL-Uniroyal-Elec-0603WAJ0331T5E_C25231.pdf
ITEM,,RES,470,0603,5%,,,,thick film,470,,,RES_5%_100mW_0603_470,470 100mW  75V ±100ppm/℃ ±5% 0603,470 RES 5% thick film 75V 100mW,UNI-ROYAL,0603WAJ0471T5E,C25241,1,Available,470 5% thick film 75V 100mW,SMD,,,,,75V,,100mW,,,,,,C25241,Device:R_US,SPCoast:0603-RES,https://www.lcsc.com/datasheet/lcsc_datasheet_2205311845_UNI-ROYAL-Uniroyal-Elec-0603WAJ0471T5E_C25241.pdf
ITEM,,RES,1K,0603,5%,,,,thick film,1K,,,RES_5%_100mW_0603_1K,1k 100mW  75V ±100ppm/℃ ±5% 0603,1K RES 5% thick film 75V 100mW,UNI-ROYAL,0603WAJ0102T5E,C25585,1,Available,1K 5% thick film 75V 100mW,SMD,,,,,75V,,100mW,,,,,,C25585,Device:R_US,SPCoast:0603-RES,https://www.lcsc.com/datasheet/lcsc_datasheet_2206010100_UNI-ROYAL-Uniroyal-Elec-0603WAJ0102T5E_C25585.pdf
ITEM,,RES,2.2K,0603,5%,,,,thick film,2.2K,,,RES_5%_100mW_0603_2.2K,2.2k 100mW  75V ±100ppm/℃ ±5% 0603,2.2K RES 5% thick film 75V 100mW,UNI-ROYAL,0603WAJ0222T5E,C25992,1,Available,2.2K 5% thick film 75V 100mW,SMD,,,,,75V,,100mW,,,,,,C25992,Device:R_US,SPCoast:0603-RES,https://www.lcsc.com/datasheet/lcsc_datasheet_2206010045_UNI-ROYAL-Uniroyal-Elec-0603WAJ0222T5E_C25992.pdf
ITEM,,RES,3.3K,0603,1%,,,,thick film,3.3K,,,RES_1%_100mW_0603_3.3K,3.3k 100mW s 75V ±100ppm/℃ ±1% 0603,3.3K RES 1% thick film 75V 100mW,FOJAN,FRC0603F3301TS,C2907023,1,Retired,3.3K 1% thick film 75V 100mW,SMD,,,,,75V,,100mW,,,,,,C2907023,Device:R_US,SPCoast:0603-RES,https://wmsc.lcsc.com/wmsc/upload/file/pdf/v2/lcsc/2308241947_FOJAN-FRC0603F3301TS_C2907023.pdf
ITEM,,RES,3.3K,0603,5%,,,,thick film,3.3K,,,RES_5%_100mW_0603_3.3K,3.3k 100mW  75V ±100ppm/℃ ±5% 0603,3.3K RES 5% thick film 75V 100mW,UNI-ROYAL,0603WAJ0332T5E,C25995,2,Available,3.3K 5% thick film 75V 100mW,SMD,,,,,75V,,100mW,,,,,,C25995,Device:R_US,SPCoast:0603-RES,https://www.lcsc.com/datasheet/lcsc_datasheet_2206010045_UNI-ROYAL-Uniroyal-Elec-0603WAJ0332T5E_C25995.pdf
ITEM,,RES,4.7K,0603,5%,,,,thick film,4.7K,,,RES_5%_100mW_0603_4.7K,4.7k 100mW  75V ±100ppm/℃ ±5% 0603,4.7K RES 5% thick film 75V 100mW,UNI-ROYAL,0603WAJ0472T5E,C25999,1,Available,4.7K 5% thick film 75V 100mW,SMD,,,,,75V,,100mW,,,,,,C25999,Device:R_US,SPCoast:0603-RES,https://www.lcsc.com/datasheet/lcsc_datasheet_2206010045_UNI-ROYAL-Uniroyal-Elec-0603WAJ0472T5E_C25999.pdf
ITEM,,RES,5.6K,0603,5%,,,,thick film,5.6K,,,RES_5%_100mW_0603_5.6K,5.6k 100mW  75V ±100ppm/℃ ±5% 0603,5.6K RES 5% thick film 75V 100mW,UNI-ROYAL,0603WAJ0562T5E,C26001,1,Available,5.6K 5% thick film 75V 100mW,SMD,,,,,75V,,100mW,,,,,,C26001,Device:R_US,SPCoast:0603-RES,https://www.lcsc.com/datasheet/lcsc_datasheet_2206010045_UNI-ROYAL-Uniroyal-Elec-0603WAJ0562T5E_C26001.pdf
ITEM,,RES,10K,0603,5%,,,,thick film,10K,,,RES_5%_100mW_0603_10K,10k 100mW s 150V ±100ppm/℃ ±5% 0603,10K RES 5% thick film 150V 100mW,YAGEO,RC0603JR-1310KL,C4118381,1,Retired,10K 5% thick film 150V 100mW,SMD,,,,,150V,,100mW,,,,,,C4118381,Device:R_US,SPCoast:0603-RES,https://wmsc.lcsc.com/wmsc/upload/file/pdf/v2/lcsc/2404101024_YAGEO-RC0603JR-1310KL_C4118381.pdf
ITEM,,RES,10K,0603,5%,,,,thick film,10K,,,RES_5%_100mW_0603_10K,10k 100mW  75V ±100ppm/℃ ±5% 0603,10K RES 5% thick film 75V 100mW,FOJAN,FRC0603J103TS,C2930027,2,Retired,10K 5% thick film 75V 100mW,SMD,,,,,75V,,100mW,,,,,,C2930027,Device:R_US,SPCoast:0603-RES,https://wmsc.lcsc.com/wmsc/upload/file/pdf/v2/lcsc/2308241009_FOJAN-FRC0603J103TS_C2930027.pdf
ITEM,,RES,10K,0603,5%,,,,thick film,10K,,,RES_5%_100mW_0603_10K,10k 100mW  75V ±100ppm/℃ ±5% 0603,10K RES 5% thick film 75V 100mW,UNI-ROYAL,0603WAJ0103T5E,C15401,3,Available,10K 5% thick film 75V 100mW,SMD,,,,,75V,,100mW,,,,,,C15401,Device:R_US,SPCoast:0603-RES,
ITEM,,RES,22K,0603,5%,,,,thick film,22K,,,RES_5%_100mW_0603_22K,22k 100mW  75V ±100ppm/℃ ±5% 0603,22K RES 5% thick film 75V 100mW,UNI-ROYAL,0603WAJ0223T5E,C23344,1,Available,22K 5% thick film 75V 100mW,SMD,,,,,75V,,100mW,,,,,,C23344,Device:R_US,SPCoast:0603-RES,https://www.lcsc.com/datasheet/lcsc_datasheet_2206010100_UNI-ROYAL-Uniroyal-Elec-0603WAJ0223T5E_C23344.pdf
ITEM,,RES,100K,0603,5%,,,,thick film,100K,,,RES_5%_100mW_0603_100K,100k 100mW  75V ±100ppm/℃ ±5% 0603,100K RES 5% thick film 75V 100mW,UNI-ROYAL,0603WAJ0104T5E,C15458,1,Available,100K 5% thick film 75V 100mW,SMD,,,,,75V,,100mW,,,,,,C15458,Device:R_US,SPCoast:0603-RES,https://www.lcsc.com/datasheet/lcsc_datasheet_2206010216_UNI-ROYAL-Uniroyal-Elec-0603WAJ0104T5E_C15458.pdf
ITEM,,RES,1M,0603,1%,,,,thick film,1M,,,RES_1%_100mW_0603_1M,1.0M 100mW  75V ±100ppm/℃ ±1% 0603,1M RES 1% thick film 75V 100mW,UNI-ROYAL,0603WAF1004T5E,C22935,1,Retired,1M 1% thick film 75V 100mW,SMD,,,,,75V,,100mW,,,,,,C22935,Device:R_US,SPCoast:0603-RES,https://www.lcsc.com/datasheet/lcsc_datasheet_2206010130_UNI-ROYAL-Uniroyal-Elec-0603WAF1004T5E_C22935.pdf
ITEM,,RES,1M,0603,5%,,,,thick film,1M,,,RES_5%_100mW_0603_1M,1.0M 100mW  75V ±100ppm/℃ ±5% 0603,1M RES 5% thick film 75V 100mW,UNI-ROYAL,0603WAJ0105T5E,C26098,2,Available,1M 5% thick film 75V 100mW,SMD,,,,,75V,,100mW,,,,,,C26098,Device:R_US,SPCoast:0603-RES,https://www.lcsc.com/datasheet/lcsc_datasheet_2206010030_UNI-ROYAL-Uniroyal-Elec-0603WAJ0105T5E_C26098.pdf
ITEM,,RES,2.2M,0603,5%,,,,thick film,2.2M,,,RES_5%_100mW_0603_2.2M,2.2M 100mW  75V ±100ppm/℃ ±5% 0603,2.2M RES 5% thick film 75V 100mW,UNI-ROYAL,0603WAJ0225T5E,C18679,3,Available,2.2M 5% thick film 75V 100mW,SMD,,,,,75V,,100mW,,,,,,C18679,Device:R_US,SPCoast:0603-RES,https://www.lcsc.com/datasheet/lcsc_datasheet_2206010145_UNI-ROYAL-Uniroyal-Elec-0603WAJ0225T5E_C18679.pdf
ITEM,,RES,2.2M,0603,5%,,,,thick film,2.2M,,,RES_5%_100mW_0603_2.2M,2.2M 100mW  50V ±250ppm/℃ ±5% 0603,2.2M RES 5% thick film 50V 100mW,FH,RS-03L225JJT,C403986,1,Retired,2.2M 5% thick film 50V 100mW,SMD,,,,,50V,,100mW,,,,,,C403986,Device:R_US,SPCoast:0603-RES,https://wmsc.lcsc.com/wmsc/upload/file/pdf/v2/lcsc/2304140030_FH--Guangdong-Fenghua-Advanced-Tech-RS-03L225JJT_C403986.pdf
ITEM,,RES,2.2M,0603,5%,,,,thick film,2.2M,,,RES_5%_100mW_0603_2.2M,2.2M 100mW  75V ±100ppm/℃ ±5% 0603,2.2M RES 5% thick film 75V 100mW,UNI-ROYAL,0603WAJ0225T5E,C18679,2,Retired,2.2M 5% thick film 75V 100mW,SMD,,,,,75V,,100mW,,,,,,C18679,Device:R_US,SPCoast:0603-RES,https://www.lcsc.com/datasheet/lcsc_datasheet_2206010145_UNI-ROYAL-Uniroyal-Elec-0603WAJ0225T5E_C18679.pdf
ITEM,,RLY,CPC1709J,ISOPLUS-264,,,,,SSR,,,,RLY___ISOPLUS-264_CPC1709J,2.5kV 220us 27mΩ 7ms DC ISOPLUS-264 Solid State Relays (MOS Output) -40c-+85c 1.42V 10mA,CPC1709J RLY SSR 1.42V 9A-22.8A,Littelfuse/IXYS,CPC1709J,C1525253,1,Available,CPC1709J SSR 1.42V 9A-22.8A,PTH,CPC1709J,,,,1.42V,9A-22.8A,,,,,,,C1525253,SPCoast:Relay_CPC1709J,SPCoast:Relay_CPC1709J,https://jlcpcb.com/api/file/downloadByFileSystemAccessId/8589033743424368640
ITEM,,IC,4N28SM,SMD-6P,,,,,Phototransistor,,,,IC___SMD-6P_4N28SM,4.17kV 6V Phototransistor SMD-6P Transistor Photovoltaic Output Optoisolators -40c+10c 1 1.18V 10% 10mA 30V,4N28SM IC Phototransistor,ONSemi,4N28SM,C898949,1,Available,4N28SM Phototransistor,SMD,4N28SM,,6,0.100,,,,,,,,,C898949,Isolator:4N28,Package_DIP:SMDIP-6_W7.62mm,https://jlcpcb.com/api/file/downloadByFileSystemAccessId/8588917274006720512
