IPN,Name,Keywords,Category,SMD,Value,Type,Description,Package,Form,Pins,Pitch,Tolerance,V,A,W,Angle,Wavelength,mcd,Frequency,Distributor,DPN,DPNLink,Priority,Status,Manufacturer,MPN,Symbol,Footprint,Datasheet
SLK_BRD_80x100,BRD_80x100 Board Outline & Milling,SLK_BRD_80x100 BRD_80x100 SLK Board Outline & Milling,SLK,Other,BRD_80x100,Board Outline & Milling,PCB Board outline with mounting holes - fits Tyco 3 mounting rail,,,,,,,,,,,,,SPCoast,,,10,Passive,,,SPCoast:Board,SPCoast:Board_080x100,
SLK_BRD_100x50,BRD_100x50 Board Outline & Milling,BRD_100x50 SLK Board Outline & Milling,SLK,Other,BRD_100x50,Board Outline & Milling,PCB Board outline with mounting holes,,,,,,,,,,,,,SPCoast,,,10,Passive,,,SPCoast:Board,SPCoast:Board_100x050,
SLK_BRD_100x25x2,BRD_100x25x2 Board Outline & Milling,BRD_100x25x2 SLK Board Outline & Milling,SLK,Other,BRD_100x25x2,Board Outline & Milling,PCB Board outline with mounting holes,,,,,,,,,,,,,SPCoast,,,10,Passive,,,SPCoast:Board,SPCoast:Board_100x050_2,
SLK_BRD_100x75,BRD_100x75 Board Outline & Milling,BRD_100x75 SLK Board Outline & Milling,SLK,Other,BRD_100x75,Board Outline & Milling,PCB Board outline with mounting holes,,,,,,,,,,,,,SPCoast,,,10,,,,SPCoast:Board,SPCoast:Board_100x075,
SLK_BRD_100x75,BRD_100x75 Board Outline & Milling,BRD_100x75 SLK Board Outline & Milling,SLK,Other,BRD_100x75,Board Outline & Milling,PCB Board outline with mounting holes  large radius corners,,,,,,,,,,,,,SPCoast,,,10,,,,SPCoast:Board,SPCoast:Board_100x075_Rounded,
SLK_BRD_100x100,BRD_100x100 Board Outline & Milling,BRD_100x100 SLK Board Outline & Milling,SLK,Other,BRD_100x100,Board Outline & Milling,PCB Board outline with mounting holes,,,,,,,,,,,,,SPCoast,,,10,,,,SPCoast:Board,SPCoast:Board_100x100,
SLK_BRD_100x150,BRD_100x150 Board Outline & Milling,BRD_100x150 SLK Board Outline & Milling,SLK,Other,BRD_100x150,Board Outline & Milling,PCB Board outline with mounting holes,,,,,,,,,,,,,SPCoast,,,10,,,,SPCoast:Board,SPCoast:Board_100x150,
SLK_BRD_100x200,BRD_100x200 Board Outline & Milling,BRD_100x200 SLK Board Outline & Milling,SLK,Other,BRD_100x200,Board Outline & Milling,PCB Board outline with mounting holes,,,,,,,,,,,,,SPCoast,,,10,,,,SPCoast:Board,SPCoast:Board_100x200,
SLK_DCPower+,DCPower+ SilkScreen,DCPower+ SLK SilkScreen,SLK,Other,DCPower+,SilkScreen,DC Power Jack Label,,,,,,,,,,,,,SPCoast,,,10,,,,SPCoast:DOC_Label-Power_CP,SPCoast:SILK_Label-Power_CP,
SLK_DCPower-,DCPower- SilkScreen,DCPower- SLK SilkScreen,SLK,Other,DCPower-,SilkScreen,DC Power Jack Label,,,,,,,,,,,,,SPCoast,,,10,,,,SPCoast:DOC_Label-Power_CN,SPCoast:SILK_Label-Power_CN,
SLK_CA65,CA65 SilkScreen,CA65 SLK SilkScreen,SLK,Other,CA65,SilkScreen,California Prop 65 warning,,,,,,,,,,,,,SPCoast,,,10,,,,SPCoast:DOC_Label-CA65,SPCoast:SILK_Label-CA65,
SLK_CC-by-sa,CC-by-sa SilkScreen,CC-by-sa SLK SilkScreen,SLK,Other,CC-by-sa,SilkScreen,Creative Commons License 3.0,,,,,,,,,,,,,SPCoast,,,10,,,,SPCoast:DOC_License-CC-BY-SA,SPCoast:SILK_License-CC-by-sa,
SLK_Logo_MRCS,Logo_MRCS SilkScreen,Logo_MRCS SLK SilkScreen,SLK,Other,Logo_MRCS,SilkScreen,MRCS PCB Logo,,,,,,,,,,,,,SPCoast,,,10,,,,SPCoast:DOC_Logo-MRCS,SPCoast:SILK_Logo-MRCS,
SLK_Logo_SPCoast,Logo_SPCoast SilkScreen,Logo_SPCoast SLK SilkScreen,SLK,Other,Logo_SPCoast,SilkScreen,SPCoast PCB Logo,,,,,,,,,,,,,SPCoast,,,10,,,,SPCoast:DOC_Logo-SPCoast,SPCoast:SILK_Logo-SPCoast,
SLK_Power_Draw,Power_Draw SilkScreen,Power_Draw SLK SilkScreen,SLK,Other,Power_Draw,SilkScreen,SPCoast Power Consumption Label,,,,,,,,,,,,,SPCoast,,,10,,,,SPCoast:DOC_Label-Current-Sink,SPCoast:SILK_Label-Current-Sink,
SLK_Power_Provide,Power_Provide SilkScreen,Power_Provide SLK SilkScreen,SLK,Other,Power_Provide,SilkScreen,SPCoast Power Provision Label,,,,,,,,,,,,,SPCoast,,,10,,,,SPCoast:DOC_Label-Current-Source,SPCoast:SILK_Label-Current-Source,
CON_TC2030-NL,TC2030-NL SilkScreen & Pads,TC2030-NL CON SilkScreen & Pads,CON,Other,TC2030-NL,SilkScreen & Pads,Tag Connect “No Legs” 6-pin Plug-of-Nails™ programming cable with a 6-pin 0.1″ pitch ribbon connector.,,NL,2x3,"0.1""",,,,,,,,,SPCoast,,,10,,Tag Connect,TC2030-NL,SPCoast:TC2030-IDC,SPCoast:Tag-Connect_TC2030-IDC-NL_2x03_P1.27mm_Vertical,
CON_TC2030-FP,TC2030-FP SilkScreen & Pads,TC2030-FP CON SilkScreen & Pads,CON,Other,TC2030-FP,SilkScreen & Pads,Tag Connect “With Legs” 6-pin Plug-of-Nails™ programming cable with a 6-pin 0.1″ pitch ribbon connector.,,Legs,2x3,"0.1""",,,,,,,,,SPCoast,,,10,,Tag Connect,TC2030-FP,SPCoast:TC2030-IDC,SPCoast:Tag-Connect_TC2030-IDC-FP_2x03_P1.27mm_Vertical,
CON_TC2050-NL,TC2050-NL SilkScreen & Pads,TC2050-NL CON SilkScreen & Pads,CON,Other,TC2050-NL,SilkScreen & Pads,Tag Connect “No Legs”10-pin Plug-of-Nails™ programming cable with a 10-pin 0.1″ pitch ribbon connector.,,NL,2x5,"0.1""",,,,,,,,,SPCoast,,,10,,Tag Connect,TC2050-NL,SPCoast:TC2050-IDC,SPCoast:Tag-Connect_TC2050-IDC-NL_2x05_P1.27mm_Vertical,
CON_TC2050-FP,TC2050-FP SilkScreen & Pads,TC2050-FP CON SilkScreen & Pads,CON,Other,TC2050-FP,SilkScreen & Pads,Tag Connect “With Legs” 10-pin Plug-of-Nails™ programming cable with a10-pin 0.1″ pitch ribbon connector.,,Legs,2x5,"0.1""",,,,,,,,,SPCoast,,,10,,Tag Connect,TC2050-FP,SPCoast:TC2050-IDC,SPCoast:Tag-Connect_TC2050-IDC-FP_2x05_P1.27mm_Vertical,
CON_TC2070-FP,TC2070-FP SilkScreen & Pads,TC2070-FP CON SilkScreen & Pads,CON,Other,TC2070-FP,SilkScreen & Pads,Tag Connect “With Legs” 14-pin Plug-of-Nails™ programming cable with a 14-pin 0.1″ pitch ribbon connector.,,Legs,2x7,"0.1""",,,,,,,,,SPCoast,,,10,,Tag Connect,TC2070-FP,SPCoast:TC2070-IDC,SPCoast:Tag-Connect_TC2070-IDC-FP_2x07_P1.27mm_Vertical,
SWI_EDG-104,EDG-104 SPSTx4 DIP,EDG-104 SWI SPSTx4 DIP,SWI,PTH,EDG-104,SPSTx4 DIP,SPST x4 DIP Switch,DIP-8,"0.3""",2x4,"0.1""",,,,,,,,,JLC,C840579,C840579,10,Available,ECE,EDG104S,SPCoast:SW-EDG-04,SPCoast:SW-EDG-04,https://wmsc.lcsc.com/wmsc/upload/file/pdf/v2/lcsc/2311231642_ECE-EDG104S33_C840579.pdf
SWI_EDG-104,EDG-104 SPSTx4 DIP,EDG-104 SWI SPSTx4 DIP,SWI,PTH,EDG-104,SPSTx4 DIP,SPST x4 DIP Switch,DIP-8,"0.3""",2x4,"0.1""",,,,,,,,,SPCoast,EDG-104,EDG-104,1,Available,ECE,EDG104S,SPCoast:SW-EDG-04,SPCoast:SW-EDG-04,https://wmsc.lcsc.com/wmsc/upload/file/pdf/v2/lcsc/2311231642_ECE-EDG104S33_C840579.pdf
SWI_6x6x6mm_PTH,6x6x6mm_PTH SPSTx1 6mm Momentary,6x6x6mm_PTH SWI SPSTx1 6mm Momentary,SWI,PTH,6x6x6mm_PTH,SPSTx1 6mm Momentary,Round Button Direct Insert SPST 6mm 5.5mm 50mA 100M 100 000 Times 12V 250gf Plugin Tactile Switch,6mm button,PTH,2x2,,,,,,,,,,SPCoast,,,1,Available,,,SPCoast:SW_Push,SPCoast:SW_Push_SPST_6mmx6mm_PTH,https://wmsc.lcsc.com/wmsc/upload/file/pdf/v2/lcsc/2212291730_hanxia-HX-TS666CJ-250gf-009_C5340138.pdf
SWI_6x6x6mm_SMD,6x6x6mm_SMD SPSTx1 6mm Momentary,6x6x6mm_SMD SWI SPSTx1 6mm Momentary,SWI,SMD,6x6x6mm_SMD,SPSTx1 6mm Momentary,Round Button Standing paste SPST 6mm 6mm 6mm 50mA 100M 100 000 Times 12V 250gf SMD Tactile Switch,6mm button,SMD,2x2,,,,,,,,,,SPCoast,,,1,Available,,,SPCoast:SW_Push,SPCoast:SW_Push_SPST_6mmx6mm_SMT,https://wmsc.lcsc.com/wmsc/upload/file/pdf/v2/lcsc/2212271430_hanxia-HX-TS666TP-250gf-009_C5340123.pdf
SWI_6x6x6mm_PTH,6x6x6mm_PTH SPSTx1 6mm Momentary,6x6x6mm_PTH SWI SPSTx1 6mm Momentary,SWI,PTH,6x6x6mm_PTH,SPSTx1 6mm Momentary,Round Button Direct Insert SPST 6mm 5.5mm 50mA 100M 100 000 Times 12V 250gf Plugin Tactile Switch,6mm button,PTH,2x2,,,,,,,,,,JLC,C5340138,C5340138,10,Available,hanxia,HX TS666CJ 250gf 009,SPCoast:SW_Push,SPCoast:SW_Push_SPST_6mmx6mm_PTH,https://wmsc.lcsc.com/wmsc/upload/file/pdf/v2/lcsc/2212291730_hanxia-HX-TS666CJ-250gf-009_C5340138.pdf
SWI_6x6x6mm_SMD,6x6x6mm_SMD SPSTx1 6mm Momentary,6x6x6mm_SMD SWI SPSTx1 6mm Momentary,SWI,SMD,6x6x6mm_SMD,SPSTx1 6mm Momentary,Round Button Standing paste SPST 6mm 6mm 6mm 50mA 100M 100 000 Times 12V 250gf SMD Tactile Switch,6mm button,SMD,2x2,,,,,,,,,,JLC,C5340123,C5340123,10,Available,hanxia,HX TS666TP 250gf 009,SPCoast:SW_Push,SPCoast:SW_Push_SPST_6mmx6mm_SMT,https://wmsc.lcsc.com/wmsc/upload/file/pdf/v2/lcsc/2212271430_hanxia-HX-TS666TP-250gf-009_C5340123.pdf
CON_DCJ0202,DCJ0202 Power Connector,DCJ0202 CON Power Connector,CON,PTH,DCJ0202,Power Connector,DC Jack 0202,,,3x,,,,,,,,,,,,,10,Available,,DCJ0202,SPCoast:Conn_DC_POWER,SPCoast:DCJ0202,
CON_1x02-0.100,1x02-0.100 Male Header,1x02-0.100 CON Male Header,CON,PTH,1x02-0.100,Male Header,Connector 1x02 0.100,,,1x2,0.1,,,,,,,,,,,,10,Available,,,SPCoast:Conn_01x02,SPCoast:Connector_01x02_V,
CON_1x03-0.100,1x03-0.100 Male Header,1x03-0.100 CON Male Header,CON,PTH,1x03-0.100,Male Header,Connector 1x03 0.100,,,1x3,0.1,,,,,,,,,,,,10,Available,,,SPCoast:Conn_01x03,SPCoast:Connector_01x03_V,
CON_1x04-0.100,1x04-0.100 Male Header,1x04-0.100 CON Male Header,CON,PTH,1x04-0.100,Male Header,Connector 1x04 0.100,,,1x4,0.1,,,,,,,,,,,,10,Available,,,SPCoast:Conn_01x04,SPCoast:Connector_01x04_V,
CON_1x06-0.100,1x06-0.100 Male Header,1x06-0.100 CON Male Header,CON,PTH,1x06-0.100,Male Header,Connector 1x06 0.100,,,1x6,0.1,,,,,,,,,,,,10,Available,,,SPCoast:Conn_01x06,SPCoast:Connector_01x06_V,
CON_FTDI-1x6-0.100,FTDI-1x6-0.100 Male Header,FTDI-1x6-0.100 CON Male Header,CON,PTH,FTDI-1x6-0.100,Male Header,FTDI Programming Connector 1x06 0.100,,,1x6,0.1,,,,,,,,,,,,10,Available,,,SPCoast:Conn_Programmer-FTDI,SPCoast:Connector_FTDI-DEVICE-SIDE,
CON_M5-1x6-0.100,M5-1x6-0.100 Female Header,M5-1x6-0.100 CON Female Header,CON,PTH,M5-1x6-0.100,Female Header,M5 Programming Connector 1x06 0.100,,,1x6,0.1,,,,,,,,,,,,10,Available,,,SPCoast:Conn_Programmer-M5,SPCoast:Connector_M5-DEVICE-SIDE,
CON_SSD1306-1x4-0.100,SSD1306-1x4-0.100 Male Header,SSD1306-1x4-0.100 CON Male Header,CON,PTH,SSD1306-1x4-0.100,Male Header,I2C SSD1306 OLED Connector,,,1x4,0.1,,,,,,,,,,,,10,Available,,,SPCoast:Conn_I2C-OLED,SPCoast:Connector_I2C-OLED,
MCU_WT32-ETH01,WT32-ETH01 ESP32,WT32-ETH01 MCU ESP32,MCU,PTH,WT32-ETH01,ESP32,WT32-ETH01,,,2x13,0.1x0.9,,,,,,,,,,,,10,Available,WT,WT32-ETH01,SPCoast:WT32-ETH01,SPCoast:WT32-ETH01,"https://www.amazon.com/DWEII-WT32-ETH01-Bluetooth-Development-Converter/dp/B0B1V2RSLY/ref=sr_1_6?crid=314KW0BPPVKW8&dib=eyJ2IjoiMSJ9.G-jwgG2jf14TIyjtM6gPyYH3hjQUHKrQfu5_H3L9tC5jQFWRvQDq9e6MLIQJ2c_4zpV9VRvg39dGowOt8Ju3zdg0lPeXEKqTTXnLnach_267rAAC7T58mNYeH4anDT2My3U9K8OfvWwLEeqER44Jda4kDCnkxc14_Mbmi_gna2cnePF20jCunUNQWGwMVCvjp-UtBf86MK56FFjlFtjp1z2Aq4rvOP806BaqqU8Oo38.ev-u-C0T1GFgjLgimXKb_ZAMLnonoSzJ6AzhzPd1w-4&dib_tag=se&keywords=WT32-eth01&qid=1736014651&sprefix=wt32-eth01,aps,160&sr=8-6&th=1"
MCU_ESP32-DevKit_V1,ESP32-DevKit_V1 ESP32,ESP32-DevKit_V1 MCU ESP32,MCU,PTH,ESP32-DevKit_V1,ESP32,ESP32-DevKit_V1 WROOM32,,,2x15,0.1x0.9,,,,,,,,,,,,10,Available,Espressif,ESP32-DevKit_V1,SPCoast:ESP32-DevKit_V1,SPCoast:ESP32-DevKit_V1,https://mischianti.org/wp-content/uploads/2020/11/ESP32-DOIT-DEV-KIT-v1-pinout-mischianti.png
CAP_0.01uF_X7R_0603,0.01uF 10% X7R 25V,0.01uF CAP 10% X7R 25V,CAP,SMD,0.01uF,X7R,25V 10nF X7R ±10% 0603 Multilayer Ceramic Capacitors MLCC,0603,,,,10%,25V,,,,,,,JLC,C1852832,C1852832,1,Retired,YAGEO,CC0603KPX7R8BB103,Device:C,SPCoast:0603-CAP,https://wmsc.lcsc.com/wmsc/upload/file/pdf/v2/lcsc/2201271000_YAGEO-CC0603KPX7R8BB103_C1852832.pdf
CAP_0.01uF_X5R_0603,0.01uF 10% X5R 50V,0.01uF CAP 10% X5R 50V,CAP,SMD,0.01uF,X5R,50V 10nF X5R ±10% 0603 Multilayer Ceramic Capacitors MLCC,0603,,,,10%,50V,,,,,,,JLC,C3910010,C3910010,2,Retired,CAL-CHIP,GMC10X5R103K50NT,Device:C,SPCoast:0603-CAP,-na-
CAP_0.01uF_X7R_0603,0.01uF 10% X7R 50V,0.01uF CAP 10% X7R 50V,CAP,SMD,0.01uF,X7R,50V 10nF X7R ±10% 0603 Multilayer Ceramic Capacitors MLCC,0603,,,,10%,50V,,,,,,,JLC,C100042,C100042,3,Available,YAGEO,CC0603KRX7R9BB103,Device:C,SPCoast:0603-CAP,https://www.lcsc.com/datasheet/lcsc_datasheet_2304140030_YAGEO-CC0603KRX7R9BB103_C100042.pdf
CAP_0.1uF_X5R_0603,0.1uF 10% X5R 25V,0.1uF CAP 10% X5R 25V,CAP,SMD,0.1uF,X5R,25V 100nF X5R ±10% 0603 Multilayer Ceramic Capacitors MLCC,0603,,,,10%,25V,,,,,,,JLC,C3853265,C3853265,1,Retired,CAL-CHIP,GMC10X5R104K25NT,Device:C,SPCoast:0603-CAP,-na-
CAP_0.1uF_X7R_0603,0.1uF 10% X7R 50V,0.1uF CAP 10% X7R 50V,CAP,SMD,0.1uF,X7R,50V 100nF X7R ±10% 0603 Multilayer Ceramic Capacitors MLCC,0603,,,,10%,50V,,,,,,,JLC,C14663,C14663,2,Available,YAGEO,CC0603KRX7R9BB104,Device:C,SPCoast:0603-CAP,https://www.lcsc.com/datasheet/lcsc_datasheet_2211101700_YAGEO-CC0603KRX7R9BB104_C14663.pdf
CAP_1uF_X5R_0603,1uF 10% X5R 25V,1uF CAP 10% X5R 25V,CAP,SMD,1uF,X5R,35V 1uF X5R ±10% 0603 Multilayer Ceramic Capacitors MLCC,0603,,,,10%,25V,,,,,,,JLC,C2169859,C2169859,1,Retired,Taiyo Yuden,GMK107BJ105KAHT,Device:C,SPCoast:0603-CAP,https://wmsc.lcsc.com/wmsc/upload/file/pdf/v2/lcsc/2309051403_Taiyo-Yuden-GMK107BJ105KAHT_C2169859.pdf
CAP_1uF_X5R_0603,1uF 10% X5R 50V,1uF CAP 10% X5R 50V,CAP,SMD,1uF,X5R,50V 1uF X5R ±10% 0603 Multilayer Ceramic Capacitors MLCC,0603,,,,10%,50V,,,,,,,JLC,C15849,C15849,2,Available,Samsung,CL10A105KB8NNNC,Device:C,SPCoast:0603-CAP,https://www.lcsc.com/datasheet/lcsc_datasheet_2304140030_Samsung-Electro-Mechanics-CL10A105KB8NNNC_C15849.pdf
CAP_10uF_X5R_1206,10uF 10% X5R 50V,10uF CAP 10% X5R 50V,CAP,SMD,10uF,X5R,50V 10uF X5R ±10% 1206 Multilayer Ceramic Capacitors MLCC,1206,,,,10%,50V,,,,,,,JLC,C13585,C13585,1,Available,Samsung,CL31A106KBHNNNE,Device:C,SPCoast:1206-CAP,https://www.lcsc.com/datasheet/lcsc_datasheet_2304140030_Samsung-Electro-Mechanics-CL31A106KBHNNNE_C13585.pdf
CAP_220uF_Electrolytic_8x10,220uF 20% Electrolytic 35V,220uF CAP 20% Electrolytic 35V,CAP,SMD,220uF,Electrolytic,220uF 35V 300mA@120Hz ±20% SMD D8xL10mm Aluminum Electrolytic Capacitor,8x10,,,,20%,35V,,,,,,,JLC,C136294,C136294,1,Available,Nichicon,UCD1V221MNL1GS,Device:C_Polarized_US,SPCoast:CP_Elec_8x10,https://www.lcsc.com/datasheet/lcsc_datasheet_1808312007_Nichicon-UCD1V221MNL1GS_C136294.pdf
DIO_4.7V_SOD-323,4.7V zener 43V 5mA 200mW,4.7V DIO zener 43V 5mA 200mW,DIO,SMD,4.7V,zener,4.7V SOD-323 Zener Diode -W7,SOD-323,,,,,43V,5mA,200mW,,,,,JLC,C353517,C353517,5,Available,Shandong Jingdao,BZT52C4V7S,SPCoast:D_Zener_Filled,SPCoast:SOD-323,https://www.lcsc.com/datasheet/lcsc_datasheet_2304140030_Shandong-Jingdao-Microelectronics-BZT52C4V7S_C353517.pdf
DIO_BAT54_SOT-23,BAT54 single Schottkey 30V,BAT54 DIO single Schottkey 30V,DIO,SMD,BAT54,single Schottkey,BAT54  Single Schottky 30V 200mA,SOT-23,,,,,30V,,,,,,,JLC,C5261070,C5261070,5,Available,HXY,BAT54,Diode:BAT54,SPCoast:SOT-23,https://wmsc.lcsc.com/wmsc/upload/file/pdf/v2/lcsc/2406051353_HXY-MOSFET-BAT54_C5261070.pdf
DIO_BAT54A_SOT-23,BAT54A dual Schottkey common anode 30V,BAT54A DIO dual Schottkey common anode 30V,DIO,SMD,BAT54A,dual Schottkey common anode,BAT54A Dual Schottky 30V 200mA Common Anode,SOT-23,,,,,30V,,,,,,,JLC,C2926172,C2926172,5,Available,FOSAN,BAT54A,Diode:BAT54A,SPCoast:SOT-23,https://wmsc.lcsc.com/wmsc/upload/file/pdf/v2/lcsc/2112031830_FOSAN-BAT54A_C2926172.pdf
DIO_BAT54S_SOT-23,BAT54S dual Schottkey series 30V,BAT54S DIO dual Schottkey series 30V,DIO,SMD,BAT54S,dual Schottkey series,BAT54S Dual Schottky 30V 200mA Series,SOT-23,,,,,30V,,,,,,,JLC,C2926174,C2926174,5,Available,FOSAN,BAT54S,Diode:BAT54S,SPCoast:SOT-23,https://wmsc.lcsc.com/wmsc/upload/file/pdf/v2/lcsc/2112031830_FOSAN-BAT54S_C2926174.pdf
DIO_BAT54C_SOT-23,BAT54C dual Schottkey common cathode 30V,BAT54C DIO dual Schottkey common cathode 30V,DIO,SMD,BAT54C,dual Schottkey common cathode,30V 1 pair of common cathodes 1V@100mA 200mA SOT-23 Schottky Diodes,SOT-23,,,,,30V,,,,,,,JLC,C408388,C408388,1,Available,Microdiode,BAT54C,Diode:BAT54C,SPCoast:SOT-23,https://www.lcsc.com/datasheet/lcsc_datasheet_2407101108_MDD-Microdiode-Semiconductor-BAT54C_C408388.pdf
IC_LM358D_SOP-8,LM358D dual OpAmp ±15V or +30V,LM358D IC dual OpAmp ±15V or +30V,IC,SMD,LM358D,dual OpAmp,SOP-8 Operational Amplifier,SOP-8,,,,,±15V or +30V,,,,,,,JLC,C2683482,C2683482,1,Available,IDCHIP,LM358D,SPCoast:LM358,SPCoast:SOIC-8_3.9x4.9mm_P1.27mm;Package_SO:SOIC-8_3.9x4.9mm_P1.27mm,https://www.lcsc.com/datasheet/lcsc_datasheet_2403081523_IDCHIP-LM358D_C2683482.pdf
IC_NE556_SOP-14,NE556 Dual Timer 16V 600mW,NE556 IC Dual Timer 16V 600mW,IC,SMD,NE556,Dual Timer,NE556 100kHz Dual Timer,SOP-14,,,,,16V,,600mW,,,,,JLC,C5145392,C5145392,5,Available,HANSCHIP,NE556DRG,Timer:NE556,SPCoast:SOP_14;Package_SO:SOIC-14_3.9x8.7mm_P1.27mm,https://wmsc.lcsc.com/wmsc/upload/file/pdf/v2/lcsc/2209290930_HANSCHIP-semiconductor-NE556DRG_C5145392.pdf
IC_MCP23017_SOIC-28-300mil,MCP23017 I2C 16-bit I/O Expander,MCP23017 IC I2C 16-bit I/O Expander,IC,SMD,MCP23017,I2C 16-bit I/O Expander,MCP23017 I2C 16 bit I/O Expander,SOIC-28-300mil,,,,,,,,,,,,JLC,C629440,C629440,1,Available,Microchip,MCP23017T-E/SO,SPCoast:MCP23017_SO,SPCoast:SOIC-28W_7.5x17.9mm,https://wmsc.lcsc.com/wmsc/upload/file/pdf/v2/lcsc/2203221230_Microchip-Tech-MCP23017T-E-SO_C629440.pdf
IC_PCA9685_TSSOP-28,PCA9685 I2C 16-bit PWM LED Driver,PCA9685 IC I2C 16-bit PWM LED Driver,IC,SMD,PCA9685,I2C 16-bit PWM LED Driver,5.5V 100kHz~1MHz PWM 16 25mA 2.3V~5.5V TSSOP-28 LED Driver,TSSOP-28,,,,,,,,,,,,JLC,C2678753,C2678753,1,Available,NXP,"PCA9685PW,118",SPCoast:PCA9685PW,Package_SO:TSSOP-28_4.4x9.7mm_P0.65mm,https://www.lcsc.com/datasheet/lcsc_datasheet_2405281434_NXP-Semicon-PCA9685PW-118_C2678753.pdf
LED_Blue_0603,Blue LED clear 3.3V 20mA 240mcd,Blue LED clear 3.3V 20mA 240mcd,LED,SMD,Blue,clear,20mA 240mcd Colorless and transparent -20℃~+85℃ Positive Stick 455nm~475nm Blue 120° 70mW 3.3V 0603 LED Indication,0603,,,,,3.3V,20mA,,120°,455nm~475nm,240,,JLC,C965807,C965807,1,Available,XINGLIGHT,XL-1608UBC-04,Device:LED,SPCoast:0603-LED,https://wmsc.lcsc.com/wmsc/upload/file/pdf/v2/lcsc/2402181505_XINGLIGHT-XL-1608UBC-04_C965807.pdf
LED_White_0603,White LED warm 2.7V 20mA 130mcd,White LED warm 2.7V 20mA 130mcd,LED,SMD,White,warm,20mA 13700K~33000K 130mcd WarmWhite -20℃~+85℃ Positive Stick White 120° 70mW 2.7V 0603 LED Indication,0603,,,,,2.7V,20mA,,120°,13700 - 33000 K,130,,JLC,C965808,C965808,1,Available,XINGLIGHT,XL-1608UWC-04,Device:LED,SPCoast:0603-LED,https://wmsc.lcsc.com/wmsc/upload/file/pdf/v2/lcsc/2402181505_XINGLIGHT-XL-1608UWC-04_C965808.pdf
LED_Green Emerald_0603,Green Emerald LED clear 3.3V 20mA 810mcd,Green Emerald LED clear 3.3V 20mA 810mcd,LED,SMD,Green Emerald,clear,20mA 810mcd Colorless transparent  515nm~535nm -20℃~+85℃ Positive Stick Emerald Green 120° 70mW 3.3V 0603 LED Indication,0603,,,,,3.3V,20mA,,120°,515nm~535nm,810,,JLC,C965804,C965804,1,Available,XINGLIGHT,XL-1608UGC-04,Device:LED,SPCoast:0603-LED,https://wmsc.lcsc.com/wmsc/upload/file/pdf/v2/lcsc/2402181505_XINGLIGHT-XL-1608UGC-04_C965804.pdf
LED_Yellow Green_0603,Yellow Green LED clear 2.4V 20mA 240mcd,Yellow Green LED clear 2.4V 20mA 240mcd,LED,SMD,Yellow Green,clear,20mA 240mcd Colorless transparent 565nm~575nm -20℃~+85℃ Positive Stick Yellow Green 120° 50mW 2.4V 0603 LED Indication,0603,,,,,2.4V,20mA,,,565nm~575nm,240,,JLC,C965806,C965806,1,Retired,XINGLIGHT,XL-1608SYGC-04,Device:LED,SPCoast:0603-LED,https://wmsc.lcsc.com/wmsc/upload/file/pdf/v2/lcsc/2402181505_XINGLIGHT-XL-1608SYGC-04_C965806.pdf
LED_Orange _0603,Orange  LED clear 2.2V 10mA 70mcd,Orange  LED clear 2.2V 10mA 70mcd,LED,SMD,Orange ,clear,10mA Orange 0603 LED Indication,0603,,,,,2.2V,10mA,,,600nm~612nm,70,,JLC,C22371303,C22371303,1,Retired,HONGLITRONIC,HL-PSC-1608S25OC-G4,Device:LED,SPCoast:0603-LED,https://wmsc.lcsc.com/wmsc/upload/file/pdf/v2/lcsc/2403281522_HONGLITRONIC-Hongli-Zhihui--HONGLITRONIC-HL-PSC-1608S25OC-G4_C22371303.pdf
LED_Orange _0603,Orange  LED clear 2.3V 20mA 315mcd,Orange  LED clear 2.3V 20mA 315mcd,LED,SMD,Orange ,clear,20mA 315mcd Colorless transparent -20℃~+85℃ 600nm~610nm Positive Stick Orange 120° 50mW 2.3V 0603 LED Indication,0603,,,,,2.3V,20mA,,,,315,,JLC,C965800,C965800,2,Retired,XINGLIGHT,XL-1608UOC-06,Device:LED,SPCoast:0603-LED,https://wmsc.lcsc.com/wmsc/upload/file/pdf/v2/lcsc/2402181505_XINGLIGHT-XL-1608UOC-06_C965800.pdf
LED_Orange_0603,Orange LED clear 2.3V 20mA 315mcd,Orange LED clear 2.3V 20mA 315mcd,LED,SMD,Orange,clear,20mA 315mcd Colorless transparent -20℃~+85℃ 600nm~610nm Positive Stick Orange 120° 50mW 2.3V 0603 LED Indication,0603,,,,,2.3V,20mA,,120°,600nm~610nm,315,,JLC,C965801,C965801,3,Available,XINGLIGHT,XL-1608UOC-04,Device:LED,SPCoast:0603-LED,https://wmsc.lcsc.com/wmsc/upload/file/pdf/v2/lcsc/2402181505_XINGLIGHT-XL-1608UOC-06_C965800.pdf
LED_Yellow_0603,Yellow LED clear 2.3V 20mA 450mcd,Yellow LED clear 2.3V 20mA 450mcd,LED,SMD,Yellow,clear,20mA 450mcd Colorless transparent -20℃~+85℃ 585nm~595nm Positive Stick Yellow 120° 50mW 2.3V 0603 LED Indication,0603,,,,,2.3V,20mA,,120°,585nm~595nm,450,,JLC,C965803,C965803,10,Available,XINGLIGHT,XL-1608UYC-04,Device:LED,SPCoast:0603-LED,https://wmsc.lcsc.com/wmsc/upload/file/pdf/v2/lcsc/2402181505_XINGLIGHT-XL-1608UOC-04_C965801.pdf
LED_Red _0603,Red  LED clear 2.2V 20mA 150mcd,Red  LED clear 2.2V 20mA 150mcd,LED,SMD,Red ,clear,20mA 150mcd 622nm Red 120° 2.2V 0603 LED Indication,0603,,,,,2.2V,20mA,,,,150,,JLC,C7288939,C7288939,2,Retired,Inolux,IN-S63ASR,Device:LED,SPCoast:0603-LED,https://wmsc.lcsc.com/wmsc/upload/file/pdf/v2/lcsc/2404241146_Inolux-IN-S63ASR_C7288939.pdf
LED_Red _0603,Red  LED clear 2.3V 20mA 330mcd,Red  LED clear 2.3V 20mA 330mcd,LED,SMD,Red ,clear,20mA 330mcd Colorless transparent -20℃~+85℃ Positive Stick 620nm~630nm Red 120° 50mW 2.3V 0603 LED Indication,0603,,,,,2.3V,20mA,,,,330,,JLC,C965799,C965799,1,Retired,XINGLIGHT,XL-1608SURC-06,Device:LED,SPCoast:0603-LED,https://wmsc.lcsc.com/wmsc/upload/file/pdf/v2/lcsc/2402181505_XINGLIGHT-XL-1608SURC-06_C965799.pdf
LED_Red_0603,Red LED clear 2.4V 20mA 360mcd,Red LED clear 2.4V 20mA 360mcd,LED,SMD,Red,clear,20mA 360mcd Colorless transparent 615nm~625nm -20℃~+85℃ Positive Stick Red 120° 50mW 2.4V 0603 LED Indication,0603,,,,,2.4V,20mA,,120°,615nm~625nm,360,,JLC,C965798,C965798,3,Available,XINGLIGHT,"XL-1608SURC-04
",Device:LED,SPCoast:0603-LED,https://wmsc.lcsc.com/wmsc/upload/file/pdf/v2/lcsc/2402181505_XINGLIGHT-XL-1608SURC-04_C965798.pdf
LED_WS2812B_SMD5050,WS2812B LED WS2812B-WS2812B5050 5v 12mA,WS2812B LED WS2812B-WS2812B5050 5v 12mA,LED,SMD,WS2812B,WS2812B-WS2812B5050,SMD5050 RGB LEDs(Built-in IC) NeoPixel,SMD5050,,,,,5v,12mA,,,,,,JLC,C2843785,C2843785,1,Available,XINGLIGHT,XL-5050RGBC-WS2812B,SPCoast:WS2812B,SPCoast:WS2812B,https://www.lcsc.com/datasheet/lcsc_datasheet_2404120946_XINGLIGHT-XL-5050RGBC-WS2812B_C2843785.pdf
REG_AMS1117-ADJ_SOT-223-3,AMS1117-ADJ ADJ 1.25-10.5v 1A,AMS1117-ADJ REG ADJ 1.25-10.5v 1A,REG,SMD,AMS1117-ADJ,ADJ,1A Low Dropout regulator positive adjustable output / fixed: 1.5V≤ (VIN - VOUT) ≤ 12V 1.5V 1.8V 2.5V 2.85V 3.3V and 5.0V ,SOT-223-3,,,,,1.25-10.5v,1A,,,,,,JLC,C5345985,C5345985,10,Available,HXY MOSFET,AMS1117-ADJ,SPCoast:AMS1117,SPCoast:SOT-223-3_TabPin2,https://wmsc.lcsc.com/wmsc/upload/file/pdf/v2/lcsc/2301120930_HXY-MOSFET-AMS1117-ADJ_C5345985.pdf
REG_AMS1117-3.3_SOT-223-3,AMS1117-3.3 3v3 3v3 1A,AMS1117-3.3 REG 3v3 3v3 1A,REG,SMD,AMS1117-3.3,3v3,1A Low Dropout regulator positive fixed 3.3V,SOT-223-3,,,,,3v3,1A,,,,,,JLC,C5345982,C5345982,10,Available,HXY MOSFET,AMS1117-3.3,SPCoast:AMS1117,SPCoast:SOT-223-3_TabPin2,https://wmsc.lcsc.com/wmsc/upload/file/pdf/v2/lcsc/2301120930_HXY-MOSFET-AMS1117-3-3_C5345982.pdf
REG_AMS1117-5.0_SOT-223-3,AMS1117-5.0 5v 5v0 1A,AMS1117-5.0 REG 5v 5v0 1A,REG,SMD,AMS1117-5.0,5v,1A Low Dropout regulator positive fixed 5.0V ,SOT-223-3,,,,,5v0,1A,,,,,,JLC,C5345984,C5345984,1,Available,HXY MOSFET,AMS1117-5.0,SPCoast:AMS1117,SPCoast:SOT-223-3_TabPin2,https://wmsc.lcsc.com/wmsc/upload/file/pdf/v2/lcsc/2301120930_HXY-MOSFET-AMS1117-5-0_C5345984.pdf
REG_78L05_TO-220,78L05 5v,78L05 REG 5v,REG,PTH,78L05,5v,5v Linear Regulator,TO-220,,,,,,,,,,,,,,,10,Available,,,,,
RLY_G2RL-2_29x12.7x15.7mm,G2RL-2 24v DPDT 24v 8A,G2RL-2 RLY 24v DPDT 24v 8A,RLY,PTH,G2RL-2,24v DPDT,DPDT Low profile power relay 15.7mmH,29x12.7x15.7mm,,,,,24v,8A,,,,,,,,,10,Available,Omron,G2RL-2 / 24v,SPCoast:G2RL-2,SPCoast:Relay_DPDT_Omron_G2RL-2,https://omronfs.omron.com/en_US/ecb/products/pdf/en-g2rl.pdf
Q_NPN_600mA_SOT-23_MMBT2222LT1G,MMBT2222LT1G NPN 30V 600mA 300mW,MMBT2222LT1G Q NPN 30V 600mA 300mW,Q,SMD,MMBT2222LT1G,NPN,NPN 30 V 600 mA 250MHz 300 mW Surface Mount SOT-23-3 (TO-236),SOT-23,,,,,30V,600mA,300mW,,,,,,,,10,Available,ONSemi,MMBT2222LT1G,Device:Q_NPN_BEC,SPCoast:SOT-23,
Q_NPN_200mA_SOT-23_MMBT3904,MMBT3904 NPN 40V 200mA 200mW,MMBT3904 Q NPN 40V 200mA 200mW,Q,SMD,MMBT3904,NPN,NPN 40V 200mW 100@10mA 1V 200mA NPN SOT-23,SOT-23,,,,,40V,200mA,200mW,,,,,JLC,C5184404,C5184404,1,Available,HXY,MMBT3904,Device:Q_NPN_BEC,SPCoast:SOT-23,https://wmsc.lcsc.com/wmsc/upload/file/pdf/v2/lcsc/2407151447_HXY-MOSFET-MMBT3904_C5184404.pdf
Q_PNP_500mA_SOT-23_BC807,BC807 PNP 45V 500mA 300mW,BC807 Q PNP 45V 500mA 300mW,Q,SMD,BC807,PNP,PNP 45V 300mW 250@100mA 1V 500mA PNP SOT-23,SOT-23,,,,,45V,500mA,300mW,,,,,JLC,C5184433,C5184433,1,Available,HXY,BC807-40,Device:Q_PNP_BEC,SPCoast:SOT-23,https://wmsc.lcsc.com/wmsc/upload/file/pdf/v2/lcsc/2303091430_HXY-MOSFET-BC807-40_C5184433.pdf
Q_N-FET_300mA_SO-8_2N7002,2N7002 N-FET 60v 300mA,2N7002 Q N-FET 60v 300mA,Q,SMD,2N7002,N-FET,60V 300mA 1.5@10V 500mA 200mW 1.5V@250uA N-Channel SOT-23 MOSFETs,SOT-23,,,,,60v,300mA,,,,,,JLC,C5224215,C5224215,1,Available,ElecSuper,2N7002,Device:Q_NMOS_GSD,SPCoast:SOT-23,https://wmsc.lcsc.com/wmsc/upload/file/pdf/v2/lcsc/2210271630_ElecSuper-2N7002_C5224215.pdf
Q_N-FET_10A_SOT-23_DMN4468,DMN4468 N-FET 30v 10A,DMN4468 Q N-FET 30v 10A,Q,SMD,DMN4468,N-FET,30V 10A 14m@10V00mA N-Channel SO-8 MOSFETs,SO-8,,,,,30v,10A,,,,,,JLC,C878901,C878901,1,Available,Diodes,DMN4468LSS,SPCoast:MOSFET-N,SPCoast:SO-8,https://www.diodes.com/assets/Datasheets/ds31773.pdf
Q_P-FET_2.3A_0603_2301V,2301V P-FET 20V 2.3A,2301V Q P-FET 20V 2.3A,Q,SMD,2301V,P-FET,20V 2.3A 95m 1V 1 Piece P-Channel SOT-23 MOSFET,SOT-23,,,,,20V,2.3A,,,,,,JLC,C7499856,C7499856,1,Available,HL,2301V,Device:Q_PMOS_GSD,SPCoast:SOT-23,https://wmsc.lcsc.com/wmsc/upload/file/pdf/v2/lcsc/2310251707_HL-2301V_C7499856.pdf
RES_5%_100mW_0603_200,200 5% thick film 75V 100mW,200 RES 5% thick film 75V 100mW,RES,SMD,200,thick film,200 100mW  75V ±100ppm/℃ ±5% 0603 ,0603,,,,5%,75V,,100mW,,,,,JLC,C2907123,C2907123,1,Retired,FOJAN,FRC0603J201 TS,Device:R_US,SPCoast:0603-RES,https://wmsc.lcsc.com/wmsc/upload/file/pdf/v2/lcsc/2308241947_FOJAN-FRC0603J201-TS_C2907123.pdf
RES_1%_100mW_0603_220,220 1% thick film 150V 100mW,220 RES 1% thick film 150V 100mW,RES,SMD,220,thick film,220 100mW s 150V ±100ppm/℃ ±1% 0603 ,0603,,,,1%,150V,,100mW,,,,,JLC,C5842375,C5842375,2,Retired,YAGEO,RC0603FR-13220RL,Device:R_US,SPCoast:0603-RES,https://wmsc.lcsc.com/wmsc/upload/file/pdf/v2/lcsc/2312030915_YAGEO-RC0603FR-13220RL_C5842375.pdf
RES_5%_100mW_0603_220,220 5% thick film 75V 100mW,220 RES 5% thick film 75V 100mW,RES,SMD,220,thick film,220 100mW  75V ±100ppm/℃ ±5% 0603,0603,,,,5%,75V,,100mW,,,,,JLC,C1226,C1226,3,Available,UNI-ROYAL,0603WAJ0221T5E,Device:R_US,SPCoast:0603-RES,https://www.lcsc.com/datasheet/lcsc_datasheet_2206010230_UNI-ROYAL-Uniroyal-Elec-0603WAJ0221T5E_C1226.pdf
RES_5%_100mW_0603_330,330 5% thick film 75V 100mW,330 RES 5% thick film 75V 100mW,RES,SMD,330,thick film,330 100mW  75V ±100ppm/℃ ±5% 0603,0603,,,,5%,75V,,100mW,,,,,JLC,C25231,C25231,1,Available,UNI-ROYAL,0603WAJ0331T5E,Device:R_US,SPCoast:0603-RES,https://www.lcsc.com/datasheet/lcsc_datasheet_2205311845_UNI-ROYAL-Uniroyal-Elec-0603WAJ0331T5E_C25231.pdf
RES_5%_100mW_0603_470,470 5% thick film 75V 100mW,470 RES 5% thick film 75V 100mW,RES,SMD,470,thick film,470 100mW  75V ±100ppm/℃ ±5% 0603,0603,,,,5%,75V,,100mW,,,,,JLC,C25241,C25241,1,Available,UNI-ROYAL,0603WAJ0471T5E,Device:R_US,SPCoast:0603-RES,https://www.lcsc.com/datasheet/lcsc_datasheet_2205311845_UNI-ROYAL-Uniroyal-Elec-0603WAJ0471T5E_C25241.pdf
RES_5%_100mW_0603_1k,1k 5% thick film 75V 100mW,1k RES 5% thick film 75V 100mW,RES,SMD,1k,thick film,1k 100mW  75V ±100ppm/℃ ±5% 0603 ,0603,,,,5%,75V,,100mW,,,,,JLC,C25585,C25585,1,Available,UNI-ROYAL,0603WAJ0102T5E,Device:R_US,SPCoast:0603-RES,https://www.lcsc.com/datasheet/lcsc_datasheet_2206010100_UNI-ROYAL-Uniroyal-Elec-0603WAJ0102T5E_C25585.pdf
RES_5%_100mW_0603_2.2k,2.2k 5% thick film 75V 100mW,2.2k RES 5% thick film 75V 100mW,RES,SMD,2.2k,thick film,2.2k 100mW  75V ±100ppm/℃ ±5% 0603,0603,,,,5%,75V,,100mW,,,,,JLC,C25992,C25992,1,Available,UNI-ROYAL,0603WAJ0222T5E,Device:R_US,SPCoast:0603-RES,https://www.lcsc.com/datasheet/lcsc_datasheet_2206010045_UNI-ROYAL-Uniroyal-Elec-0603WAJ0222T5E_C25992.pdf
RES_1%_100mW_0603_3.3k,3.3k 1% thick film 75V 100mW,3.3k RES 1% thick film 75V 100mW,RES,SMD,3.3k,thick film,3.3k 100mW s 75V ±100ppm/℃ ±1% 0603 ,0603,,,,1%,75V,,100mW,,,,,JLC,C2907023,C2907023,1,Retired,FOJAN,FRC0603F3301TS,Device:R_US,SPCoast:0603-RES,https://wmsc.lcsc.com/wmsc/upload/file/pdf/v2/lcsc/2308241947_FOJAN-FRC0603F3301TS_C2907023.pdf
RES_5%_100mW_0603_3.3k,3.3k 5% thick film 75V 100mW,3.3k RES 5% thick film 75V 100mW,RES,SMD,3.3k,thick film,3.3k 100mW  75V ±100ppm/℃ ±5% 0603,0603,,,,5%,75V,,100mW,,,,,JLC,C25995,C25995,2,Available,UNI-ROYAL,0603WAJ0332T5E,Device:R_US,SPCoast:0603-RES,https://www.lcsc.com/datasheet/lcsc_datasheet_2206010045_UNI-ROYAL-Uniroyal-Elec-0603WAJ0332T5E_C25995.pdf
RES_5%_100mW_0603_4.7k,4.7k 5% thick film 75V 100mW,4.7k RES 5% thick film 75V 100mW,RES,SMD,4.7k,thick film,4.7k 100mW  75V ±100ppm/℃ ±5% 0603,0603,,,,5%,75V,,100mW,,,,,JLC,C25999,C25999,1,Available,UNI-ROYAL,0603WAJ0472T5E,Device:R_US,SPCoast:0603-RES,https://www.lcsc.com/datasheet/lcsc_datasheet_2206010045_UNI-ROYAL-Uniroyal-Elec-0603WAJ0472T5E_C25999.pdf
RES_5%_100mW_0603_5.6k,5.6k 5% thick film 75V 100mW,5.6k RES 5% thick film 75V 100mW,RES,SMD,5.6k,thick film,5.6k 100mW  75V ±100ppm/℃ ±5% 0603,0603,,,,5%,75V,,100mW,,,,,JLC,C26001,C26001,1,Available,UNI-ROYAL,0603WAJ0562T5E,Device:R_US,SPCoast:0603-RES,https://www.lcsc.com/datasheet/lcsc_datasheet_2206010045_UNI-ROYAL-Uniroyal-Elec-0603WAJ0562T5E_C26001.pdf
RES_5%_100mW_0603_10k,10k 5% thick film 150V 100mW,10k RES 5% thick film 150V 100mW,RES,SMD,10k,thick film,10k 100mW s 150V ±100ppm/℃ ±5% 0603 ,0603,,,,5%,150V,,100mW,,,,,JLC,C4118381,C4118381,1,Retired,YAGEO,RC0603JR-1310KL,Device:R_US,SPCoast:0603-RES,https://wmsc.lcsc.com/wmsc/upload/file/pdf/v2/lcsc/2404101024_YAGEO-RC0603JR-1310KL_C4118381.pdf
RES_5%_100mW_0603_10k,10k 5% thick film 75V 100mW,10k RES 5% thick film 75V 100mW,RES,SMD,10k,thick film,10k 100mW  75V ±100ppm/℃ ±5% 0603 ,0603,,,,5%,75V,,100mW,,,,,JLC,C2930027,C2930027,2,Retired,FOJAN,FRC0603J103TS,Device:R_US,SPCoast:0603-RES,https://wmsc.lcsc.com/wmsc/upload/file/pdf/v2/lcsc/2308241009_FOJAN-FRC0603J103TS_C2930027.pdf
RES_5%_100mW_0603_10k,10k 5% thick film 75V 100mW,10k RES 5% thick film 75V 100mW,RES,SMD,10k,thick film,10k 100mW  75V ±100ppm/℃ ±5% 0603,0603,,,,5%,75V,,100mW,,,,,JLC,C15401,C15401,3,Available,UNI-ROYAL,0603WAJ0103T5E,Device:R_US,SPCoast:0603-RES,https://wmsc.lcsc.com/wmsc/upload/file/pdf/v2/lcsc/2308241009_FOJAN-FRC0603J103TS_C2930027.pdf
RES_5%_100mW_0603_22k,22k 5% thick film 75V 100mW,22k RES 5% thick film 75V 100mW,RES,SMD,22k,thick film,22k 100mW  75V ±100ppm/℃ ±5% 0603,0603,,,,5%,75V,,100mW,,,,,JLC,C23344,C23344,1,Available,UNI-ROYAL,0603WAJ0223T5E,Device:R_US,SPCoast:0603-RES,https://www.lcsc.com/datasheet/lcsc_datasheet_2206010100_UNI-ROYAL-Uniroyal-Elec-0603WAJ0223T5E_C23344.pdf
RES_5%_100mW_0603_100k,100k 5% thick film 75V 100mW,100k RES 5% thick film 75V 100mW,RES,SMD,100k,thick film,100k 100mW  75V ±100ppm/℃ ±5% 0603,0603,,,,5%,75V,,100mW,,,,,JLC,C15458,C15458,1,Available,UNI-ROYAL,0603WAJ0104T5E,Device:R_US,SPCoast:0603-RES,https://www.lcsc.com/datasheet/lcsc_datasheet_2206010216_UNI-ROYAL-Uniroyal-Elec-0603WAJ0104T5E_C15458.pdf
RES_1%_100mW_0603_1M,1M 1% thick film 75V 100mW,1M RES 1% thick film 75V 100mW,RES,SMD,1M,thick film,1.0M 100mW  75V ±100ppm/℃ ±1% 0603 ,0603,,,,1%,75V,,100mW,,,,,JLC,C22935,C22935,1,Retired,UNI-ROYAL,0603WAF1004T5E,Device:R_US,SPCoast:0603-RES,https://www.lcsc.com/datasheet/lcsc_datasheet_2206010130_UNI-ROYAL-Uniroyal-Elec-0603WAF1004T5E_C22935.pdf
RES_5%_100mW_0603_1M,1M 5% thick film 75V 100mW,1M RES 5% thick film 75V 100mW,RES,SMD,1M,thick film,1.0M 100mW  75V ±100ppm/℃ ±5% 0603 ,0603,,,,5%,75V,,100mW,,,,,JLC,C26098,C26098,2,Available,UNI-ROYAL,0603WAJ0105T5E,Device:R_US,SPCoast:0603-RES,https://www.lcsc.com/datasheet/lcsc_datasheet_2206010030_UNI-ROYAL-Uniroyal-Elec-0603WAJ0105T5E_C26098.pdf
RES_5%_100mW_0603_2.2M,2.2M 5% thick film 75V 100mW,2.2M RES 5% thick film 75V 100mW,RES,SMD,2.2M,thick film,2.2M 100mW  75V ±100ppm/℃ ±5% 0603 ,0603,,,,5%,75V,,100mW,,,,,JLC,C18679,C18679,3,Available,UNI-ROYAL,0603WAJ0225T5E,Device:R_US,SPCoast:0603-RES,https://www.lcsc.com/datasheet/lcsc_datasheet_2206010145_UNI-ROYAL-Uniroyal-Elec-0603WAJ0225T5E_C18679.pdf
RES_5%_100mW_0603_2.2M,2.2M 5% thick film 50V 100mW,2.2M RES 5% thick film 50V 100mW,RES,SMD,2.2M,thick film,2.2M 100mW  50V ±250ppm/℃ ±5% 0603 ,0603,,,,5%,50V,,100mW,,,,,JLC,C403986,C403986,1,Retired,FH,RS-03L225JJT,Device:R_US,SPCoast:0603-RES,https://wmsc.lcsc.com/wmsc/upload/file/pdf/v2/lcsc/2304140030_FH--Guangdong-Fenghua-Advanced-Tech-RS-03L225JJT_C403986.pdf
RES_5%_100mW_0603_2.2M,2.2M 5% thick film 75V 100mW,2.2M RES 5% thick film 75V 100mW,RES,SMD,2.2M,thick film,2.2M 100mW  75V ±100ppm/℃ ±5% 0603 ,0603,,,,5%,75V,,100mW,,,,,JLC,C18679,C18679,2,Retired,UNI-ROYAL,0603WAJ0225T5E,Device:R_US,SPCoast:0603-RES,https://www.lcsc.com/datasheet/lcsc_datasheet_2206010145_UNI-ROYAL-Uniroyal-Elec-0603WAJ0225T5E_C18679.pdf
